gene_id,ERR188044,ERR188104,ERR188234,ERR188245,ERR188257,ERR188273,ERR188337,ERR188383,ERR188401,ERR188428,ERR188454,ERR204916
NM_001143981,18,0,12,0,12,0,35,10,0,16,0,0
NM_001143982,0,0,0,0,0,0,0,0,0,0,0,0
NM_001143983,0,0,0,0,0,0,0,0,0,0,0,0
MSTRG.369,12,17,3,10,3,1,23,3,9,5,7,15
MSTRG.368,115,89,173,130,370,29,309,277,128,107,169,145
MSTRG.367,1033,959,958,656,557,371,861,513,1102,456,756,642
MSTRG.366,1573,1613,1685,1234,1296,456,1846,1134,1843,866,1594,1397
MSTRG.365,0,1,0,0,0,0,0,0,0,0,0,0
MSTRG.364,0,1,0,0,0,0,0,0,0,0,0,0
MSTRG.363,53,4,4,3,4,2,2,4,3,2,0,1
MSTRG.362,10442,9177,10553,8996,6608,3860,8193,6437,10055,5044,8431,7462
MSTRG.361,216,274,176,78,134,55,231,204,223,137,318,136
MSTRG.360,909,1285,1462,722,802,484,1376,725,1564,0,912,927
MSTRG.699,158,175,0,133,198,75,219,148,174,104,117,135
MSTRG.698,57,52,77,23,44,19,112,48,58,66,44,38
MSTRG.697,798,655,810,289,594,253,1219,539,971,424,489,460
MSTRG.696,587,602,567,274,452,114,917,367,382,431,356,319
MSTRG.695,1223,1231,1147,534,1044,275,1913,910,1473,881,799,834
NM_205856,0,0,0,0,0,0,0,0,0,0,0,0
MSTRG.693,54,67,31,10,22,7,84,29,59,34,45,30
MSTRG.692,68,99,59,25,41,13,115,42,111,49,65,54
MSTRG.691,3,2,0,0,0,0,14,0,3,1,0,0
MSTRG.690,70,130,101,37,116,26,154,79,54,66,86,102
NM_001031705,0,0,0,0,0,0,0,0,0,0,0,0
NM_153834,0,0,0,0,0,0,0,0,0,0,0,0
MSTRG.1017,3658,2678,3934,2882,2427,1449,2776,2230,3118,1940,2914,2448
MSTRG.1016,96,47,81,52,70,50,93,59,81,48,63,36
MSTRG.1015,1463,1420,1639,1140,1313,613,1644,1103,1799,780,1283,1455
MSTRG.1014,1298,1243,1024,684,770,857,700,794,1298,438,800,1149
MSTRG.1013,169,146,216,119,115,74,126,90,175,96,134,100
NM_001032726,0,4,7,0,0,0,0,0,6,4,7,0
MSTRG.1011,44784,39794,48769,28467,28187,15378,33087,22380,36623,37332,26211,35558
NM_016267,0,0,0,0,0,0,0,0,0,0,0,0
MSTRG.1019,3451,3077,3717,2760,2768,1461,2890,2239,4722,1440,2776,3137
MSTRG.1018,6073,5057,5951,4127,4270,2239,5536,3670,7007,3291,4818,4303
MSTRG.965,577,341,541,206,358,283,447,505,293,335,304,264
MSTRG.964,32,32,52,32,28,32,68,20,42,21,11,47
MSTRG.967,4061,1703,2543,2477,1655,1138,1800,1687,2117,1312,2395,1899
MSTRG.966,3566,3354,3747,2072,2681,1514,3931,2842,3804,2175,3150,2863
MSTRG.961,4,10,3,2,5,0,6,3,8,3,1,3
MSTRG.960,0,1,6,0,2,0,13,3,10,1,5,2
MSTRG.963,399,511,418,364,488,181,502,504,723,330,369,346
MSTRG.962,4,5,3,1,7,0,12,6,19,6,4,15
MSTRG.969,3103,2959,4140,2628,3017,1241,3536,3274,2677,2123,2984,2270
NM_001174068,0,0,0,0,0,0,0,0,0,0,0,0
NM_001118885,0,0,0,0,0,0,0,0,0,0,0,0
NM_001118886,0,0,0,0,0,0,0,0,0,0,0,0
NM_003918,0,0,0,0,0,0,0,0,0,0,0,0
MSTRG.89,5555,3157,4001,2373,4132,2764,4825,5524,6411,4217,3942,2846
MSTRG.88,4472,6987,8845,6044,5535,1941,9636,5139,7332,8111,7575,7140
MSTRG.85,471,754,622,526,590,203,582,756,1378,468,761,723
MSTRG.84,39,21,45,39,21,7,36,27,39,23,34,14
MSTRG.87,8,44,16,22,35,9,47,69,108,33,12,62
MSTRG.86,4335,6738,5800,3658,4765,1920,5831,4904,6325,3014,4422,5212
MSTRG.81,633,1113,803,564,706,334,657,456,827,571,602,975
MSTRG.80,16,51,12,16,45,16,53,77,133,48,32,50
MSTRG.83,0,0,0,0,0,0,0,0,0,0,0,0
MSTRG.82,0,0,0,0,0,0,0,0,0,0,0,0
NR_031725,0,0,0,0,0,0,0,0,0,0,0,0
NM_001291535,0,0,0,0,0,0,0,0,0,0,0,0
NM_000808,0,0,0,0,0,0,0,0,0,0,0,0
NM_001042506,0,0,0,0,0,0,2,0,0,0,0,0
NM_001141920,0,0,0,0,0,0,0,0,0,0,0,0
MSTRG.694,150,172,71,85,91,21,287,60,137,70,83,66
NM_001171020,0,0,0,0,0,0,0,0,0,0,0,0
NM_001139501,0,0,0,0,0,0,0,0,0,0,0,1
NM_001139500,0,0,0,0,0,0,0,0,0,0,0,0
NM_001139502,0,0,0,0,0,0,0,0,0,0,0,0
NM_001145139,0,0,0,0,0,0,0,0,0,0,0,0
NM_001166400,3,0,0,4,0,0,0,0,6,0,0,0
NM_001166401,0,0,0,0,4,0,0,0,0,0,0,0
NM_207339,0,0,0,6,0,0,0,0,0,0,0,0
NM_006307,3,0,7,8,15,0,11,3,23,3,16,4
MSTRG.707,754,1133,856,691,708,404,978,801,970,560,867,1087
NM_001011548,0,0,0,0,0,0,0,0,0,0,0,0
NM_001011549,0,0,0,0,0,0,0,0,0,0,0,0
NM_001011544,3,7,0,0,0,3,7,0,0,17,0,3
NM_001011543,0,0,0,0,0,0,0,0,0,0,0,0
NR_037501,0,0,0,0,0,0,0,0,0,0,0,0
NR_039659,0,0,0,0,1,0,0,0,0,0,0,0
NM_001271752,0,0,0,0,0,0,0,0,0,0,0,0
NR_033717,0,0,0,0,0,0,0,0,0,0,0,0
NM_001170574,0,0,0,0,0,0,0,0,0,0,0,0
NR_027760,0,0,0,0,0,0,0,0,0,0,0,0
NR_027761,2,2,1,2,0,1,2,1,3,2,1,3
NM_152278,8,0,0,0,0,0,0,0,0,0,0,0
NR_037183,0,0,0,0,0,0,0,0,0,0,0,0
NR_131204,0,1,0,0,0,0,0,0,0,0,0,0
MSTRG.1012,1629,1664,2197,1010,1090,690,1342,1239,1555,685,1952,1000
MSTRG.653,3,2,4,2,12,2,11,2,12,2,2,2
MSTRG.208,7367,6782,9639,2784,6278,3624,7841,5137,7341,4845,5133,4800
MSTRG.209,779,1309,621,739,991,261,970,978,1344,653,1037,809
MSTRG.758,3,11,6,0,0,3,4,0,1,0,3,1
MSTRG.652,3,11,2,1,1,0,0,0,3,0,0,2
MSTRG.756,20,5,21,1,3,8,6,0,7,0,20,5
MSTRG.205,2577,2849,1766,1062,1704,891,2646,1763,2873,1592,2205,1193
MSTRG.206,1332,1780,1350,804,1761,401,1899,1252,2266,1071,890,942
MSTRG.1010,2422,2390,2540,3037,2773,1110,3613,2750,3599,1371,2286,2915
MSTRG.200,0,0,0,0,0,0,0,0,0,0,0,0
MSTRG.651,436,393,84,203,201,49,229,113,418,88,84,39
MSTRG.750,0,0,0,0,0,0,0,0,0,0,0,0
MSTRG.203,151,147,205,104,106,56,94,136,117,84,104,175
NM_001097605,0,0,0,0,0,0,0,0,0,0,0,0
NM_001097604,0,0,0,0,0,0,0,0,0,0,0,0
MSTRG.650,193,175,16,102,168,13,135,94,398,58,111,260
MSTRG.598,15,0,10,3,0,0,0,0,0,0,0,0
MSTRG.599,4,15,8,8,11,6,15,5,8,3,2,10
MSTRG.594,1834,2486,1486,1174,1195,795,2000,1212,1826,1248,1334,1761
MSTRG.125,181,95,50,12,31,51,96,39,43,169,66,26
MSTRG.596,411,231,383,150,264,127,149,167,338,151,300,220
MSTRG.597,57,64,85,14,124,30,0,78,62,6,274,90
MSTRG.590,1209,1074,1481,395,1798,584,1784,1744,1249,1319,1609,1363
MSTRG.591,10921,10435,8537,6193,7390,4037,8431,8651,9779,6596,9690,7492
MSTRG.592,287,357,406,41,78,10,175,67,106,124,9,52
MSTRG.593,260,302,215,183,166,43,287,205,338,92,198,167
NR_029973,0,0,0,0,0,0,0,0,0,0,0,0
MSTRG.655,16,8,33,4,10,12,27,17,11,9,17,14
MSTRG.126,4,0,5,0,0,0,4,0,3,11,6,0
NM_020871,0,0,0,0,0,0,0,0,0,3,0,2
MSTRG.118,941,1520,733,667,854,373,1111,911,1527,597,992,1121
MSTRG.119,254,343,339,167,161,126,290,201,195,186,229,202
NR_107055,0,0,0,0,0,0,0,0,0,0,0,0
MSTRG.551,12,23,16,5,17,12,16,20,29,16,14,20
MSTRG.110,0,0,0,0,0,0,0,0,0,0,5,0
MSTRG.111,951,1032,465,346,585,285,696,707,1178,507,823,765
MSTRG.112,1099,1050,1473,793,979,599,1286,800,299,858,782,910
NM_012216,11,20,9,7,5,6,9,16,8,12,4,17
MSTRG.114,404,425,325,221,266,238,807,191,486,197,227,172
MSTRG.115,0,0,0,0,0,0,0,0,0,0,0,0
MSTRG.116,11,25,5,4,47,11,28,26,26,16,13,14
MSTRG.117,952,1444,1091,734,1186,318,671,1035,1742,604,1127,1426
NM_001003811,0,0,0,0,0,0,0,0,0,0,0,0
MSTRG.553,763,618,593,314,468,170,693,402,606,381,525,576
NM_001522,2,0,0,0,0,0,0,0,0,0,0,0
NM_001034832,0,0,0,0,0,0,0,0,0,0,0,0
MSTRG.848,736,836,486,292,418,161,788,464,1037,588,408,705
NM_021123,0,0,0,0,0,0,0,0,0,0,0,0
MSTRG.370,1394,1821,929,430,495,359,1771,692,1600,785,1008,1072
MSTRG.371,10,3,52,5,12,15,23,5,20,7,3,10
MSTRG.372,91,138,228,61,47,63,161,25,74,79,57,104
MSTRG.373,7744,5668,12278,5200,4205,5509,9171,3909,6648,5731,5330,8942
MSTRG.374,0,0,1,0,0,1,0,0,1,0,1,0
MSTRG.375,3,2,3,3,2,2,5,1,4,3,5,4
MSTRG.376,20,21,30,2,8,8,33,8,10,17,2,22
MSTRG.377,16631,16084,24789,8597,10162,10681,22814,10450,14914,15356,10033,18292
MSTRG.378,0,0,0,0,1,0,0,0,0,2,0,1
MSTRG.379,32,24,34,13,23,9,21,27,27,8,14,16
MSTRG.17,3925,1588,3337,3740,1564,1064,1900,1504,3119,1424,1041,2729
MSTRG.680,84,89,106,62,39,16,28,81,66,27,117,152
MSTRG.681,303,581,316,159,316,105,280,460,527,113,571,699
MSTRG.682,195,221,399,135,133,53,87,163,672,71,202,594
MSTRG.683,9,6,0,0,2,0,6,12,13,0,2,2
MSTRG.684,25,33,28,18,12,7,30,10,42,14,12,21
MSTRG.685,2125,2402,2181,1333,1866,758,2075,1606,2737,1252,1533,1546
MSTRG.686,862,341,313,690,323,330,569,494,661,213,330,484
NM_205849,0,0,0,0,0,0,0,0,0,0,0,0
MSTRG.688,6863,10220,9979,6857,7852,3298,8850,8559,11945,5846,8747,7910
MSTRG.689,41,69,88,41,28,18,99,44,48,18,57,45
NM_001327,0,0,0,0,0,0,0,0,0,0,0,0
MSTRG.843,2,16,14,2,1,3,5,3,3,6,6,9
MSTRG.18,49,46,67,7,9,7,34,28,79,29,35,20
MSTRG.841,100,33,45,73,38,14,62,17,123,56,19,86
MSTRG.968,119,53,139,236,73,64,48,58,96,47,60,86
NM_001195576,0,0,0,0,0,0,0,0,0,0,0,6
NM_001195577,0,0,0,0,0,0,0,0,0,0,0,0
NM_001195578,0,0,0,0,0,0,0,0,0,0,0,0
MSTRG.976,2742,3452,3692,1469,1945,1264,2569,2334,2007,1486,2719,2827
MSTRG.977,23,31,27,11,25,4,46,43,16,36,36,28
MSTRG.974,973,1082,1036,835,973,436,1210,1097,1398,814,1072,941
MSTRG.975,2454,1774,2514,1533,1567,948,1837,1800,2247,1314,1558,1490
MSTRG.972,0,0,0,12,0,0,3,0,29,0,13,17
MSTRG.973,0,0,0,12,0,0,0,0,30,3,9,12
MSTRG.970,2503,3915,3190,2474,3310,1384,4391,2952,4126,2216,2504,2599
MSTRG.971,0,0,0,0,0,10,0,0,0,0,0,96
NM_012196,0,0,0,0,0,0,0,0,0,0,0,0
MSTRG.978,15,3,11,18,16,0,27,14,12,7,9,9
MSTRG.979,1,2,1,2,2,1,2,9,2,2,2,6
NM_020721,0,0,0,8,0,0,0,0,0,0,0,0
NM_000032,0,0,0,0,0,0,0,2,0,0,0,0
NR_024440,0,0,0,0,0,0,0,0,0,0,0,0
NM_001102576,0,0,0,0,0,0,0,0,0,0,0,0
NM_194277,0,0,0,0,3,0,0,0,0,0,0,0
MSTRG.70,22,6,9,9,20,0,3,18,23,37,0,0
MSTRG.71,11,1,0,0,0,0,0,4,0,0,3,0
MSTRG.72,1,4,0,4,0,0,0,0,9,2,3,0
MSTRG.73,0,0,0,40,0,0,0,5,0,14,0,0
MSTRG.74,1688,4767,7301,1610,2051,1778,4140,2493,1631,2001,259,1069
MSTRG.75,4766,2325,3552,1262,1288,843,2348,2267,2015,1389,1749,1998
MSTRG.76,437,698,440,124,32,256,627,271,144,44,0,66
MSTRG.77,32,27,33,6,4,7,24,11,31,20,17,18
MSTRG.78,1863,1783,1722,1263,1567,652,1626,1602,2430,1046,1503,1401
MSTRG.79,151,327,173,141,210,86,141,171,301,137,220,212
NR_024062,0,0,0,0,0,0,0,0,0,0,0,0
NM_006240,0,6,9,0,10,0,0,0,10,2,0,5
NM_001079860,0,0,0,0,0,0,0,0,0,0,0,0
NM_003147,0,0,0,0,0,0,0,0,0,0,0,0
NM_001193280,0,0,0,0,0,0,0,0,0,0,0,0
NM_001193281,0,0,0,0,0,0,0,0,0,0,0,0
NM_001080146,0,0,0,0,0,0,0,0,0,0,0,0
NM_001080144,0,0,0,0,0,0,0,0,0,0,0,0
NM_001080145,0,0,0,0,0,0,0,0,0,0,0,0
NM_001080142,0,0,0,0,0,0,0,0,0,0,0,0
NM_001080143,0,0,0,0,0,0,0,0,0,0,0,0
NM_001080140,0,0,0,0,0,0,0,0,0,0,0,0
NM_001080141,0,0,0,0,0,0,0,0,0,0,0,0
NM_175729,0,0,0,0,0,0,0,0,0,0,0,0
NM_003785,0,0,0,0,0,0,0,0,0,0,0,0
NM_175723,0,0,0,0,0,0,0,0,0,0,0,0
NM_001011550,0,0,0,0,0,0,0,0,0,0,0,0
MSTRG.886,8,13,9,4,15,5,15,5,9,3,6,9
NR_110830,17,15,0,3,5,0,13,4,7,4,0,4
MSTRG.335,10,3,5,3,3,0,0,2,1,3,3,12
NM_032428,0,0,3,0,17,0,0,0,0,0,0,0
MSTRG.884,17,14,11,8,12,7,40,3,4,5,3,7
MSTRG.885,4520,7098,5673,4166,5004,1999,5700,6287,8175,4040,4828,5803
MSTRG.330,96,143,195,40,65,38,223,73,113,57,69,68
MSTRG.883,15,28,12,6,25,11,45,14,14,9,15,3
MSTRG.332,16,16,7,0,3,2,17,2,5,0,16,12
MSTRG.333,15,7,3,5,3,2,8,5,0,0,3,1
MSTRG.235,34,53,20,26,35,4,49,27,61,12,13,48
NM_001304963,0,0,0,0,0,0,0,0,0,0,0,0
MSTRG.726,2241,1277,2052,1404,1025,755,1766,1050,2076,1239,943,1313
NM_080737,5,0,5,0,0,69,0,0,0,0,0,0
MSTRG.237,4,9,36,3,3,5,11,8,6,8,3,0
MSTRG.724,15,11,24,23,34,21,18,29,31,8,26,11
MSTRG.723,102,100,98,50,70,34,94,79,127,71,81,75
NM_032512,0,0,0,0,0,0,0,0,0,0,0,0
MSTRG.230,93,92,95,16,15,36,24,22,23,43,45,75
MSTRG.233,2994,1551,2681,3688,15077,769,2929,1655,1798,1143,8201,1409
MSTRG.720,0,0,0,22,9,0,10,2,1,5,1,3
NM_001105243,0,0,0,0,0,0,0,0,0,0,0,0
MSTRG.239,1815,1578,2359,1424,1220,669,1564,1410,1570,1113,1492,1448
NM_001177465,0,0,0,0,0,0,0,0,0,0,0,0
NM_001177466,0,0,0,0,0,0,0,0,0,0,0,0
MSTRG.763,907,383,1665,313,724,1957,1885,302,1713,603,1272,539
MSTRG.762,0,0,0,0,0,0,0,0,0,0,0,0
MSTRG.761,1,2,2,0,0,0,4,0,4,0,13,0
MSTRG.760,11,2,3,0,0,0,2,0,5,0,3,0
MSTRG.767,32,23,49,0,0,26,9,0,6,0,15,5
MSTRG.766,0,5,0,0,0,0,0,0,0,3,9,5
MSTRG.765,74,124,62,55,94,50,128,138,141,64,51,43
MSTRG.764,25,28,79,3,7,41,14,8,0,5,20,9
MSTRG.769,14,13,20,0,6,0,0,0,0,5,105,0
MSTRG.768,131,72,92,17,63,28,91,47,78,62,52,42
NM_001171706,0,0,0,0,0,0,0,0,0,0,0,0
MSTRG.561,6048,6315,6466,5483,5492,2548,6445,6941,8390,3636,6451,4484
MSTRG.560,7975,7049,7187,4581,5884,2642,5668,6616,6249,3917,9689,5613
MSTRG.563,44,26,35,7,35,9,10,23,9,5,17,18
MSTRG.562,76,52,67,39,29,15,55,35,89,19,38,50
MSTRG.565,3715,4035,2373,1260,1517,1138,2109,2156,2245,1708,2023,2889
MSTRG.564,117779,146073,104265,61127,46305,45400,63038,97273,72512,79017,78054,120495
MSTRG.567,1300,2083,1568,1179,1877,535,2042,1647,2764,1123,1575,1148
MSTRG.566,9795,10221,9252,4015,4093,5116,4991,6600,8504,4673,6823,10233
MSTRG.569,3,5,5,3,7,0,31,0,3,3,3,0
MSTRG.568,5,3,5,5,13,0,28,4,10,2,6,2
NR_029962,0,0,0,0,0,0,0,0,0,0,0,0
NM_176819,5,0,0,0,0,0,0,0,0,0,0,0
MSTRG.169,0,0,0,0,0,0,0,0,0,0,0,0
MSTRG.168,0,0,0,0,0,0,0,0,0,0,0,0
MSTRG.165,0,24,0,0,5,0,11,9,44,4,52,5
MSTRG.164,108,603,284,175,251,28,637,181,563,201,375,173
MSTRG.167,0,0,0,0,0,0,0,0,0,0,0,0
MSTRG.166,6155,8299,7560,5503,5781,2731,7604,6102,7499,4441,4984,4875
MSTRG.161,20,11,11,9,8,5,31,9,14,7,9,8
MSTRG.160,4693,5381,2587,2146,2928,1819,4245,3728,2796,1961,3307,2230
MSTRG.163,143,141,106,77,125,59,184,94,208,57,157,80
MSTRG.162,1240,1638,1111,628,815,569,1185,939,1434,825,1175,1088
NM_001847,0,0,0,0,0,0,0,0,0,0,0,0
MSTRG.305,4950,2844,4317,2051,2617,1558,3489,2322,3706,2328,3466,2779
MSTRG.304,158,141,128,51,64,65,92,71,79,38,69,80
MSTRG.307,49,32,33,4,19,17,42,25,48,22,38,38
MSTRG.306,3039,2275,2817,2081,1946,1197,2584,2072,2845,1749,2837,2628
MSTRG.301,5,4,17,0,12,5,10,30,14,4,8,9
MSTRG.300,5124,3869,6014,2763,2794,2608,2763,3122,3650,2226,3307,3527
MSTRG.303,2243,1564,1932,978,970,808,1255,982,1173,781,1214,1257
MSTRG.302,648,455,801,452,411,279,573,370,730,292,366,430
MSTRG.309,295,238,309,234,258,107,356,221,235,160,333,241
MSTRG.308,388,437,635,511,335,242,626,240,319,245,394,283
MSTRG.646,0,0,0,0,0,256,0,0,0,0,0,0
NM_001282754,0,0,0,0,0,0,0,0,0,0,0,0
MSTRG.419,15,8,2,0,2,2,3,2,4,2,2,2
MSTRG.418,52,27,15,10,8,7,38,7,25,17,11,6
MSTRG.949,5,48,17,0,9,4,19,4,11,3,32,14
MSTRG.948,70,80,68,17,27,15,94,26,119,39,35,72
NM_138780,0,0,0,0,0,0,0,0,0,0,0,0
MSTRG.410,2572,2839,2770,2216,2676,1181,4043,2629,3889,2022,2550,2602
MSTRG.941,2420,2684,2099,1259,1809,1137,2300,1700,1881,1704,2144,1662
MSTRG.412,1721,1621,1496,1094,1267,689,1434,1323,2038,1204,1362,1378
MSTRG.415,262,350,287,90,118,90,337,85,225,103,182,236
MSTRG.414,773,1074,807,533,612,313,810,497,431,191,699,270
MSTRG.417,26,19,12,25,27,3,43,22,22,21,14,9
MSTRG.944,29,16,0,22,13,0,38,16,21,16,21,55
MSTRG.789,1329,1497,1808,1042,1408,527,1470,1221,1667,1222,1218,1196
MSTRG.788,27390,29682,40335,19445,19601,12239,23209,21581,28058,16317,22763,24957
MSTRG.781,15,8,18,9,10,9,14,2,11,6,6,9
MSTRG.780,7,21,7,14,10,18,11,5,9,15,16,11
MSTRG.783,1759,2134,2106,1476,2098,872,2107,2236,2443,1511,1997,1975
MSTRG.782,27,51,0,0,0,0,0,3,4,0,100,3
MSTRG.785,6,12,18,6,4,3,14,2,5,11,19,6
MSTRG.784,10,2,0,2,0,3,3,0,0,2,3,2
MSTRG.787,96,87,115,75,109,29,151,110,193,56,80,73
MSTRG.786,979,1229,877,775,1018,412,1646,1054,1262,914,1273,1041
NM_000555,0,0,0,0,0,0,5,0,0,0,0,0
NM_020061,0,0,0,0,0,0,0,0,0,0,0,0
NM_000950,0,0,0,0,0,0,0,0,0,0,0,0
NM_001169154,0,0,0,0,0,0,0,0,0,0,0,0
NM_021048,0,0,0,0,0,0,0,0,0,0,0,0
NM_021049,0,0,0,0,0,0,0,0,0,0,0,0
MSTRG.63,33,47,66,17,9,23,28,17,40,26,34,74
MSTRG.62,504,456,1046,478,325,478,749,410,583,498,375,709
MSTRG.61,1956,3502,3893,917,1427,1390,4056,1472,1202,2400,1858,3116
MSTRG.60,2386,3200,4886,2556,2204,2512,3293,2277,2745,3042,2447,4366
MSTRG.67,1462,496,1361,1285,1329,407,2410,1129,1352,1158,943,1223
MSTRG.66,2,2,3,0,0,3,0,0,0,0,1,0
MSTRG.65,0,0,0,0,0,0,0,0,0,0,0,0
MSTRG.64,2,2,6,0,0,2,9,3,6,1,3,0
MSTRG.69,7,5,3,8,9,4,6,12,7,2,5,5
MSTRG.68,51,17,76,27,26,9,178,11,63,37,14,24
NM_172249,0,0,0,0,0,0,0,0,0,0,0,0
NM_172247,0,0,0,0,0,0,0,0,0,0,0,0
NM_172246,0,0,0,0,0,0,0,0,0,0,0,0
NM_172245,0,0,0,0,0,0,0,0,0,0,0,0
NM_175868,0,0,0,0,0,0,0,0,0,0,3,0
NM_032946,0,0,0,0,0,0,0,0,0,0,0,0
NM_001080790,0,0,0,0,0,0,0,0,0,0,0,10
NR_003539,0,0,0,0,0,0,0,0,0,0,0,0
NR_033262,0,0,0,0,0,0,0,0,0,0,0,0
MSTRG.833,27,192,308,66,265,4,179,143,334,211,496,194
MSTRG.340,9,6,14,2,3,6,3,4,8,6,6,4
MSTRG.831,6668,8263,4599,2792,5003,2518,7622,5474,6546,4189,5360,5223
NR_031690,0,0,0,0,0,0,0,0,0,0,0,0
MSTRG.342,75,81,121,72,18,34,54,11,155,10,24,46
NM_001136233,0,0,0,0,0,0,0,0,0,0,0,0
NM_001136234,0,0,0,0,0,0,0,0,0,0,0,0
MSTRG.836,12342,13322,16506,24,49,5978,49,2101,851,48,8721,3371
MSTRG.347,379,356,389,237,346,115,559,254,398,220,319,350
MSTRG.834,0,12,295,12,119,0,51,81,27,17,23,38
NM_139250,0,0,0,0,0,0,0,0,0,0,0,0
NM_001303613,0,0,0,0,0,0,0,0,0,0,0,0
NM_001171192,0,0,0,0,0,0,0,0,0,0,0,0
NM_001171193,0,0,0,0,0,0,0,0,0,0,0,0
NM_001171191,0,0,0,0,0,0,0,0,0,0,0,0
NM_031894,0,0,0,0,0,0,0,0,0,0,0,0
NM_001278701,0,0,0,0,0,0,0,0,0,0,0,0
NM_001278702,0,0,0,0,0,0,0,0,0,0,0,0
NR_003710,0,0,0,0,0,0,0,0,0,0,0,0
NM_001184750,0,0,0,0,0,0,0,0,0,0,0,0
NM_001170553,0,0,5,3,0,12,0,0,0,0,4,0
NM_001144885,0,0,0,0,0,0,0,0,0,0,0,0
NM_001144886,0,0,0,0,0,0,0,0,0,0,0,0
NM_001144887,0,0,0,0,0,0,0,0,0,0,0,0
NM_001040663,0,0,0,0,0,0,0,0,0,0,0,0
NM_001098624,0,0,0,0,0,0,0,0,0,0,0,0
NM_001017930,0,0,0,0,0,0,0,0,0,0,0,0
MSTRG.774,0,0,0,0,0,0,0,0,0,0,1,0
MSTRG.775,3781,4093,2486,1429,2423,1638,3977,2601,2849,2451,2807,2889
MSTRG.776,1,2,9,0,3,0,23,8,0,11,7,4
MSTRG.777,16,28,10,10,11,3,3,13,11,8,60,28
MSTRG.770,212,236,283,132,186,62,300,200,240,152,126,151
MSTRG.771,0,49,31,25,71,12,86,83,73,52,43,51
MSTRG.772,135,7,34,0,5,174,0,7,0,0,5,40
MSTRG.773,1389,1300,1064,686,1077,573,1187,982,1228,712,1328,1024
MSTRG.778,8,8,8,4,6,1,2,3,2,2,25,2
MSTRG.779,120,222,161,76,77,251,35,45,59,77,43,155
MSTRG.572,915,1069,1026,603,948,572,1124,885,880,748,571,635
MSTRG.573,5888,3271,6237,2489,3284,1862,5334,2652,2729,1930,3690,4799
MSTRG.570,7,3,4,1,5,3,15,3,1,0,0,1
MSTRG.571,12,4,17,20,17,6,58,19,24,11,15,10
MSTRG.576,2029,2268,2341,935,1540,481,2864,1349,1567,1811,2541,1297
MSTRG.577,31,51,42,69,73,23,110,40,49,26,25,25
MSTRG.574,14,9,12,17,25,2,34,6,0,8,10,5
MSTRG.575,1,3,3,0,3,0,3,0,2,0,12,0
MSTRG.578,4,7,0,2,0,0,10,2,12,2,5,0
MSTRG.579,5,12,4,0,7,0,18,0,7,5,0,2
NM_152694,9,11,6,3,0,5,8,6,18,12,4,0
NM_001144010,0,0,0,0,0,0,0,0,0,0,0,0
MSTRG.178,72214,86475,92907,53238,47344,32533,40919,81484,69141,40066,69261,75567
MSTRG.179,1318,0,3144,0,1943,32533,40919,0,0,6637,69260,2057
MSTRG.176,5098,4764,7302,4509,4627,2102,4634,5893,5687,3622,6802,4598
MSTRG.177,707,891,870,785,924,293,785,849,1557,496,743,648
MSTRG.174,10,12,8,18,10,6,11,38,16,5,5,11
MSTRG.175,1642,2313,2189,1499,1573,517,1874,1755,3102,1332,2137,2006
MSTRG.172,4,16,3,8,15,10,4,11,12,5,6,2
MSTRG.173,5,5,0,5,4,2,14,3,2,0,3,0
MSTRG.170,553,726,405,511,776,152,494,2518,349,310,252,671
MSTRG.171,2341,2354,3149,2521,2425,794,2421,3427,2629,1985,3923,2473
MSTRG.316,0,0,0,0,0,0,0,0,0,0,0,0
MSTRG.317,476,591,659,361,398,199,527,516,533,376,351,438
MSTRG.314,6066,4824,7438,4197,4599,2783,6211,3251,5368,3652,4662,4531
MSTRG.315,2141,1820,2658,1410,1359,922,1856,1401,1711,1267,1300,1537
NR_039925,0,0,0,0,0,0,0,0,0,0,0,0
MSTRG.313,2091,1334,1953,1522,1547,776,1854,1477,2547,954,1584,1999
MSTRG.310,1101,775,1335,734,643,397,729,621,748,357,1141,752
MSTRG.311,12,9,13,12,18,11,11,8,20,5,8,9
NR_003254,0,0,0,0,0,0,0,0,0,0,0,0
MSTRG.318,3,4,3,0,1,0,3,0,4,0,0,0
MSTRG.319,2998,2618,3534,1762,2130,1226,3372,2096,3453,1998,2569,2427
NM_001141919,0,0,0,0,0,0,0,0,7,4,0,3
NM_001017931,0,0,0,0,0,0,0,0,0,0,0,0
MSTRG.408,1,0,0,0,2,0,8,1,4,2,2,0
MSTRG.409,3,6,4,13,6,0,30,4,4,4,8,3
MSTRG.958,1785,1633,1896,1281,1383,557,1599,1394,2501,978,966,1518
MSTRG.959,107,260,155,66,116,46,198,64,207,72,93,76
MSTRG.954,4,13,6,0,2,2,4,2,3,4,6,11
MSTRG.403,656,502,471,389,486,219,582,411,842,364,416,304
MSTRG.956,0,0,151,0,69,77,79,0,0,0,0,1
MSTRG.401,172,187,164,85,178,47,299,162,308,179,95,122
MSTRG.950,3,8,17,0,3,2,10,3,8,3,1,5
MSTRG.407,11,2,4,4,8,2,3,3,17,2,0,8
MSTRG.952,809,634,961,398,642,345,731,518,763,641,447,514
MSTRG.405,986,551,499,186,447,422,570,407,788,278,217,518
MSTRG.798,9,19,25,15,19,11,23,10,28,9,13,4
MSTRG.799,11937,12245,17507,10781,10410,8042,8010,12636,14448,9462,11052,12556
MSTRG.792,2221,2277,2407,1451,1907,1041,2402,1930,2335,1540,2166,1552
MSTRG.793,51,55,47,73,54,28,136,44,89,34,29,43
MSTRG.790,3202,3722,3513,2608,3575,1630,3586,3503,4086,2222,3728,2976
MSTRG.791,30,33,59,20,32,22,44,15,23,15,36,16
MSTRG.796,24994,25666,50294,19152,16997,13434,33127,16698,16872,23844,16574,22961
MSTRG.797,0,0,4,2,1,0,2,0,0,0,0,0
MSTRG.794,5,11,32,7,10,5,4,14,15,2,1,2
MSTRG.795,120,113,237,157,40,77,57,109,53,75,125,201
NM_001195522,2,0,0,0,0,0,0,0,0,0,0,0
MSTRG.676,0,0,11,4,0,0,0,0,0,0,0,24
NM_203303,0,0,0,0,0,0,0,0,0,0,0,0
NM_007268,0,0,0,0,0,0,0,0,0,0,0,0
NM_153488,0,0,0,0,0,0,0,0,0,0,0,0
NM_173078,0,0,0,0,0,0,0,0,0,0,0,0
NM_001204811,0,0,0,0,0,0,0,0,0,0,0,0
MSTRG.56,95,86,100,54,44,32,71,83,95,56,99,120
MSTRG.57,4,9,14,4,14,2,25,4,7,8,9,13
MSTRG.54,149,0,220,210,522,0,321,273,411,166,247,25
NR_132964,0,0,0,0,0,0,0,0,0,0,0,0
MSTRG.52,143,28,210,245,242,23,317,102,145,112,72,185
MSTRG.53,2,0,1,17,53,0,72,32,8,0,6,26
MSTRG.50,3178,3211,5268,2550,2072,1867,4787,3192,3252,3648,3374,4480
MSTRG.51,0,0,0,0,0,0,3,0,0,0,0,0
NR_126350,0,0,0,0,0,0,0,0,0,0,0,0
NR_030631,0,0,0,0,0,0,0,0,0,0,0,0
MSTRG.58,13,63,50,16,13,10,76,10,28,21,18,49
NM_000307,0,0,0,0,0,0,0,0,3,0,0,0
NR_102268,0,0,0,0,0,0,0,0,0,0,0,0
NM_001011719,0,0,0,0,0,0,0,0,0,0,0,0
NM_001136533,0,0,0,0,0,0,0,0,0,0,0,0
NM_004845,13,20,10,7,0,0,5,5,9,7,34,17
NM_024885,3,0,0,0,0,0,0,5,2,0,0,4
NM_004683,0,0,0,0,0,0,0,0,0,0,0,0
NM_001012288,0,0,0,0,0,0,0,0,2,0,0,0
NM_000166,0,0,0,0,0,0,0,0,0,0,0,0
NM_003413,0,0,0,0,0,0,0,0,0,0,0,0
NM_001184924,0,0,0,0,0,0,0,0,0,0,0,0
NM_001303513,0,0,0,0,0,0,0,8,0,0,0,0
NM_001303512,0,0,0,0,0,0,0,0,0,0,0,0
NM_001303515,0,0,0,0,0,0,0,0,0,0,0,0
NM_001172743,0,0,0,0,0,0,0,0,0,0,0,0
NM_001303516,0,0,0,0,0,0,0,0,0,0,0,0
NM_024082,0,0,0,0,0,0,0,0,0,0,0,0
NM_001127199,0,0,0,0,0,0,0,0,0,0,0,0
NR_030409,0,0,0,0,0,0,0,0,0,0,0,0
NM_001171184,0,0,0,0,0,0,0,0,0,0,0,0
NM_001171186,0,0,0,0,0,0,0,0,0,0,0,0
NM_005491,0,0,0,0,2,0,0,0,0,0,0,0
NM_001184749,0,0,5,0,0,0,0,0,0,0,0,0
NM_001122716,0,0,0,0,0,0,0,0,0,0,0,0
MSTRG.490,30834,33068,43361,24409,26268,15007,38912,24769,36939,23491,20686,25452
NM_018666,0,0,0,0,0,0,0,0,0,3,0,0
NM_152226,0,0,0,0,0,0,0,0,0,0,0,0
NM_152224,0,0,0,0,0,0,0,0,0,0,0,0
NM_001395,0,0,0,0,0,0,0,0,0,0,0,4
NM_001163335,0,0,0,0,6,0,0,0,0,4,4,0
NM_001163334,0,0,0,0,0,0,0,0,0,0,0,0
NM_001171879,0,0,0,0,0,0,0,0,0,0,0,0
NM_001171878,0,0,0,0,0,0,0,0,0,0,0,0
NM_052817,0,0,0,0,0,0,0,0,0,0,0,0
NM_001171877,0,0,0,0,0,0,0,0,0,0,0,0
NM_001171876,33,48,7,12,21,5,15,3,25,4,27,5
NR_038405,0,0,0,0,0,0,0,0,0,0,0,0
MSTRG.547,943,1247,709,1408,337,506,1511,1556,48,963,1000,832
MSTRG.546,0,0,3,4,0,0,0,0,0,0,0,2
MSTRG.545,10,16,18,4,0,4,0,0,6,4,3,3
MSTRG.544,126,229,142,114,121,61,193,92,157,66,130,109
MSTRG.543,0,4,0,2,0,0,13,0,0,0,2,0
MSTRG.542,1262,1492,1349,754,1012,539,1109,1159,1222,742,1206,1317
MSTRG.541,2627,2949,2611,1829,2030,968,2416,2571,3216,1836,2288,2424
MSTRG.540,672,226,531,68,182,464,297,275,342,182,140,148
NM_015419,0,0,0,0,0,0,0,0,0,0,0,0
MSTRG.549,39,0,50,22,27,25,73,20,43,25,27,23
MSTRG.548,42,34,16,23,8,29,26,16,37,24,21,25
NR_045260,0,0,0,0,0,0,0,0,0,0,0,0
MSTRG.143,276,149,260,173,295,155,229,395,326,165,306,305
MSTRG.142,115,28,61,7,24,39,46,36,87,36,72,104
MSTRG.141,378,931,498,201,474,58,966,403,973,326,49,797
MSTRG.140,29,24,6,1,11,3,8,9,9,1,19,5
MSTRG.147,5602,6099,6737,3975,4414,2494,5728,4828,7534,3174,4587,5259
MSTRG.146,2131,2120,2804,1225,1276,1001,2225,1335,2275,1277,1656,1823
MSTRG.145,25,23,48,18,21,11,38,16,56,18,36,10
MSTRG.144,0,0,2,2,2,2,0,0,2,0,5,10
MSTRG.312,19169,31120,19651,14964,13086,6138,15617,18705,20068,12027,17656,19910
MSTRG.149,9,9,20,7,5,3,5,2,10,6,2,1
MSTRG.148,19,21,51,12,10,4,21,18,8,9,31,24
NM_001162936,0,0,0,0,0,0,0,0,0,0,0,0
NM_001109878,0,0,0,0,0,0,0,0,0,0,0,0
NM_001109879,0,0,0,0,0,0,0,0,0,0,0,0
MSTRG.899,23,9,43,15,9,26,12,18,2,48,46,52
MSTRG.898,452,474,490,229,364,175,416,485,419,307,552,367
NM_130467,0,0,0,0,0,0,0,0,0,0,0,0
MSTRG.895,335,313,399,171,223,149,251,262,271,197,328,253
MSTRG.894,3766,3418,3159,2320,2408,1536,3494,2521,3514,1849,3202,2678
MSTRG.321,0,0,0,8,2,0,2,0,0,0,0,4
MSTRG.320,3,0,1,0,0,0,0,0,0,0,0,0
MSTRG.327,20,8,18,16,24,4,28,8,21,19,14,14
MSTRG.890,0,0,0,0,0,0,0,0,0,1,0,0
MSTRG.893,0,0,0,0,0,0,1,0,1,0,2,0
MSTRG.324,984,746,1072,865,721,409,603,726,1001,449,982,692
MSTRG.709,401,347,184,83,371,141,212,403,580,251,435,811
MSTRG.708,94,90,40,11,20,10,22,19,48,7,69,78
NM_016954,0,0,0,0,0,0,0,0,0,0,0,0
NM_001002916,0,0,0,0,4,0,0,0,0,0,0,0
NM_012253,0,0,0,0,0,0,0,0,0,0,0,0
MSTRG.438,11,4,5,7,8,3,0,4,14,5,0,2
MSTRG.437,1,1,0,0,0,0,0,0,1,0,0,0
MSTRG.436,1360,2339,2184,1029,1383,782,1520,1360,1764,1176,986,1343
MSTRG.435,334,297,263,97,143,95,196,412,319,145,139,216
MSTRG.434,969,1225,1180,611,816,467,1333,803,995,709,849,1066
MSTRG.433,165,168,167,77,132,49,188,86,149,87,84,119
MSTRG.432,15,23,26,7,14,3,11,11,26,7,0,11
MSTRG.431,277,508,304,297,417,150,472,478,407,289,297,288
MSTRG.430,283,349,270,150,167,119,339,201,239,145,328,274
MSTRG.755,18,0,0,0,0,0,0,0,0,0,19,0
NM_001146151,0,4,0,4,0,0,14,5,5,0,0,4
NM_001555,0,0,0,0,0,0,0,0,0,0,0,0
NM_003886,0,0,0,0,0,0,0,2,0,0,0,0
NR_028345,0,0,0,0,0,0,0,0,0,0,0,0
NR_028344,0,0,0,0,0,0,0,0,0,0,0,0
NM_153478,0,0,0,0,0,0,0,0,0,0,0,0
MSTRG.753,41,16,55,16,8,20,30,11,34,13,20,30
MSTRG.49,2,3,0,1,2,0,2,0,2,0,5,8
MSTRG.48,1,8,0,9,6,2,10,2,7,6,0,3
MSTRG.41,1513,606,1264,503,282,96,1084,95,591,200,143,580
MSTRG.40,4716,3658,5274,3806,3682,1754,4696,3527,4515,1963,5446,3835
MSTRG.43,62,60,151,21,69,28,125,58,78,59,54,34
MSTRG.42,0,0,3,0,0,0,13,0,6,0,0,10
MSTRG.45,0,7,7,0,0,0,4,31,5,0,0,0
MSTRG.44,10121,5013,9557,2904,4574,3127,5038,4827,5255,4577,5512,3636
MSTRG.47,13,13,16,27,9,4,33,14,9,5,11,20
MSTRG.46,616,315,448,151,288,68,537,249,394,325,559,272
NR_031567,0,0,0,0,0,0,0,0,0,0,0,0
NR_102272,0,0,0,0,0,0,0,0,0,0,0,0
NR_106750,0,0,0,0,0,0,0,0,0,0,0,0
MSTRG.386,3064,2149,3522,1710,2306,1076,2370,1938,2696,1761,2056,1875
MSTRG.1064,5,12,12,5,2,0,5,7,0,0,7,18
NM_001037967,0,0,0,0,0,0,0,0,0,0,0,0
NM_001037968,0,0,0,0,0,0,0,0,0,0,0,0
NM_019117,0,0,0,0,0,0,0,0,0,0,0,0
MSTRG.402,106,87,52,74,107,28,144,143,168,78,112,54
NM_152578,0,0,0,0,0,0,0,0,0,0,0,0
NM_147175,0,0,0,0,0,0,0,0,0,0,0,0
MSTRG.955,0,346,144,0,114,0,9,164,0,0,191,233
NM_032498,0,0,0,2,0,5,0,0,3,0,0,0
NM_080873,0,0,0,0,0,0,0,0,0,0,0,0
NM_001136024,11,2,3,0,4,0,0,0,0,0,0,0
NM_178470,0,0,0,0,0,0,0,0,0,0,0,0
NM_178471,2,0,0,0,0,0,0,0,0,0,0,0
MSTRG.406,37,27,13,13,26,15,28,21,50,22,25,23
NM_001184771,0,0,0,0,0,0,0,0,0,0,0,0
MSTRG.951,12386,14508,3123,5623,8321,4352,9726,8333,4031,7929,3679,11308
MSTRG.404,127,90,97,50,62,9,96,79,34,6,51,51
MSTRG.891,0,3,7,0,0,0,0,0,0,0,0,0
MSTRG.953,1645,1422,1802,995,1312,659,1510,1237,2392,967,1418,1596
MSTRG.258,12,14,10,3,3,0,3,0,4,0,11,0
NM_174951,0,0,0,0,0,0,0,0,0,0,0,0
NR_039764,0,0,0,0,0,0,0,0,0,0,0,0
MSTRG.558,6933,8457,4122,1398,5453,2278,7336,5093,6996,3097,4981,4418
MSTRG.559,64,69,54,31,59,14,64,46,70,25,78,36
MSTRG.550,3,3,11,0,0,0,1,2,4,0,3,3
NM_033031,37,44,7,6,10,6,10,8,27,4,28,13
MSTRG.552,1652,1598,1519,1304,1764,355,1767,1534,1912,990,1803,1195
NM_001097642,0,0,0,0,0,0,0,0,0,0,0,0
MSTRG.554,653,831,780,396,502,278,483,749,1072,462,568,845
MSTRG.555,177,171,183,90,153,58,146,170,223,87,116,154
MSTRG.556,163,154,189,62,76,108,212,28,90,79,110,137
MSTRG.557,0,0,0,0,0,0,0,0,0,3,8,0
NR_036256,0,0,0,0,0,0,0,0,0,0,0,0
NR_036258,0,0,0,0,0,0,0,0,0,0,0,0
MSTRG.851,2720,2411,3283,1847,2355,1074,3011,2232,3594,1908,2310,1860
MSTRG.154,18930,22404,21307,12502,16360,8384,21645,17988,18912,13724,19756,18984
MSTRG.155,494,2019,944,137,537,101,760,529,1025,463,968,2524
MSTRG.156,0,3,0,0,1,0,0,0,2,0,3,0
MSTRG.157,4613,6542,8110,7017,6331,3408,10391,6987,7719,6642,5567,7554
MSTRG.150,497,740,426,261,413,176,760,350,535,313,473,383
MSTRG.151,10,24,6,0,5,8,14,3,7,2,8,3
MSTRG.152,23,22,18,13,15,11,78,2,38,6,23,20
MSTRG.153,18,2,10,1,8,2,33,7,20,7,9,19
MSTRG.158,0,3,5,8,4,0,13,5,8,27,0,5
MSTRG.159,0,0,0,0,0,0,3,0,3,0,0,0
MSTRG.338,1014,857,1082,828,951,499,1139,754,1442,473,1009,1152
MSTRG.339,47,43,134,34,52,37,47,37,72,23,46,44
MSTRG.888,68,152,90,70,73,22,161,78,177,51,65,73
MSTRG.889,13,0,0,0,0,0,0,0,0,0,0,0
MSTRG.334,5,1,0,0,0,2,9,4,0,0,0,10
MSTRG.887,0,0,0,0,0,0,0,0,0,1,0,0
MSTRG.336,17,16,19,9,8,7,8,5,13,4,7,10
MSTRG.337,5458,4043,6187,2306,2914,2008,4333,3848,3716,2943,4894,4593
MSTRG.882,5989,6483,4794,2055,4000,2973,4695,4274,4563,3701,4157,4754
MSTRG.331,7,7,20,0,0,0,10,1,9,4,6,1
MSTRG.880,61,99,57,43,38,36,58,50,70,25,58,59
MSTRG.881,2420,2945,3848,1613,3324,1690,3705,3420,2862,2187,2769,2616
NM_020922,42,27,36,8,17,0,36,12,51,15,17,8
NR_103715,0,0,0,0,0,0,0,0,0,0,0,0
MSTRG.420,2,15,4,0,4,2,5,0,11,2,2,3
MSTRG.421,0,0,0,26,0,0,63,0,0,0,0,0
MSTRG.422,51,61,24,10,23,11,64,10,41,15,15,18
MSTRG.423,137,147,171,87,128,51,140,112,175,105,94,102
MSTRG.424,22,50,33,22,35,9,78,11,62,10,23,20
MSTRG.425,156,307,188,77,37,90,102,107,155,85,226,295
MSTRG.426,11,16,25,8,14,15,9,6,25,9,1,21
MSTRG.427,13,7,8,7,11,9,30,7,11,8,12,17
MSTRG.428,757,855,792,434,590,330,763,597,583,398,820,708
MSTRG.429,3,9,6,1,7,0,2,6,2,6,12,2
NM_001013736,0,0,0,0,0,0,0,0,0,0,0,0
NR_133641,0,0,0,0,0,0,0,0,0,0,0,0
NM_004042,0,0,0,0,0,0,0,0,0,0,0,0
NM_001201583,0,0,0,0,0,0,0,0,0,0,0,0
NM_004224,0,0,0,0,0,0,0,0,0,0,0,0
NM_001304548,0,0,0,0,0,0,0,0,0,0,0,0
NM_001142447,0,0,0,0,0,0,3,0,0,0,0,0
NM_001586,0,0,0,0,0,0,0,0,0,0,0,0
NM_032803,0,0,0,0,0,0,0,0,0,0,0,0
MSTRG.38,12,11,3,3,7,6,8,3,9,3,13,6
MSTRG.39,9,9,5,3,11,3,29,7,13,3,6,11
MSTRG.34,317,306,228,105,89,46,164,91,176,96,181,219
MSTRG.35,4,7,0,0,0,0,9,0,0,0,0,5
MSTRG.36,9,2,1,0,2,0,2,0,0,2,0,3
MSTRG.37,7,0,4,2,0,2,14,0,2,0,3,1
MSTRG.30,7,12,13,9,6,6,22,5,8,2,1,8
MSTRG.31,25,47,49,23,42,10,59,23,40,38,21,17
MSTRG.32,192,84,87,78,37,31,58,103,55,53,46,144
MSTRG.33,0,0,0,0,0,0,1,0,0,0,0,1
NM_021785,0,0,0,0,0,0,0,0,0,0,0,0
NR_046750,0,0,0,0,0,0,0,0,0,0,0,0
NR_038968,0,0,0,0,0,0,0,0,0,0,0,0
NM_173493,0,0,0,0,0,0,0,0,0,0,0,0
MSTRG.759,12,4,3,0,0,0,2,0,4,2,2,2
NM_173495,0,0,0,0,0,0,0,0,0,0,0,0
NM_173494,0,0,0,0,0,0,0,0,0,0,0,0
MSTRG.204,37,433,82,80,360,223,155,370,106,224,108,152
MSTRG.757,13,11,48,8,2,15,39,1,6,6,18,52
MSTRG.754,2473,3423,3893,2205,2612,1475,3469,2361,3498,2255,3234,2598
MSTRG.207,3,6,7,7,11,4,9,4,18,7,5,4
MSTRG.752,0,0,0,0,0,0,0,0,0,0,0,0
MSTRG.201,0,9,10,11,8,0,27,6,12,2,8,6
MSTRG.678,127,1256,105,344,470,117,514,869,642,551,273,231
MSTRG.202,3212,3385,6042,1264,2933,1527,4688,3182,2331,3725,2811,2603
NM_001145140,0,0,0,0,0,0,0,0,0,0,0,0
MSTRG.751,1834,1827,1637,694,1366,651,1419,1432,2688,995,1303,1542
NM_015075,0,3,0,0,0,0,0,0,0,0,0,0
MSTRG.922,3,2,16,0,2,0,7,3,5,1,5,1
MSTRG.595,0,0,0,0,0,0,0,0,0,0,0,0
NM_001282146,0,0,0,0,0,0,0,0,0,0,0,0
NM_001282145,142,17,38,4,20,73,43,28,4,0,0,0
NM_001024452,0,0,0,0,0,0,0,0,0,0,0,0
MSTRG.55,163,0,21,2,121,0,177,185,32,36,63,146
NR_030229,0,0,0,0,0,0,0,0,0,0,0,0
NM_152423,0,0,0,0,3,0,0,0,0,0,0,0
NM_001184767,0,0,0,0,0,0,0,0,0,0,0,0
NM_001171095,0,0,0,0,0,0,0,0,0,0,0,0
MSTRG.59,2,6,11,3,5,10,3,4,2,3,5,6
NM_001039582,58,91,3,0,0,0,6,17,2,4,0,12
NM_001171092,5,0,3,0,0,0,0,0,0,0,5,0
NR_002718,0,0,0,0,0,3,0,0,0,0,0,0
NM_001270458,0,0,0,0,0,0,0,0,0,0,0,0
NR_131250,0,0,0,0,0,0,0,0,0,0,0,0
NM_013452,0,4,0,0,0,0,0,0,0,0,0,0
NM_013453,0,0,0,0,0,0,0,0,0,0,0,0
MSTRG.529,1,3,0,0,3,3,7,0,1,1,2,0
NM_033048,0,0,0,0,0,0,0,0,0,0,0,0
NR_038428,0,0,0,0,0,0,0,0,0,0,0,0
MSTRG.525,24,40,58,41,43,18,85,39,46,65,37,50
MSTRG.524,449,703,836,561,452,328,1145,321,578,526,428,526
MSTRG.527,2,8,5,9,18,12,6,12,8,4,8,15
MSTRG.526,1079,1447,1730,862,1463,437,2566,1079,1548,803,1125,1004
MSTRG.521,36,30,22,19,18,10,30,15,38,19,23,16
MSTRG.520,1135,1293,622,517,791,323,946,720,1328,563,1051,864
MSTRG.523,11,0,16852,10941,4,7894,40701,12,4,11825,15,18799
MSTRG.522,50,16,3116,756,29,256,2341,23,20,595,46,916
NM_033289,0,0,0,0,0,0,0,0,0,0,0,0
NM_177404,0,0,0,0,0,0,0,0,0,0,0,0
MSTRG.113,2933,3396,2458,1400,1972,1133,4324,2273,3100,2257,1857,1995
NM_005296,5,12,3,3,0,0,12,8,6,0,8,0
NM_001256789,0,0,0,0,0,0,0,0,0,0,0,0
NR_033941,0,0,0,0,0,0,0,0,0,0,0,0
NM_022661,0,0,0,0,0,0,0,0,0,0,0,0
MSTRG.528,481,713,380,275,387,159,876,242,550,252,469,254
MSTRG.631,843,620,1029,302,317,283,257,446,609,535,435,593
MSTRG.630,20,0,0,0,15,0,6,0,10,0,0,0
MSTRG.633,79,44,3,0,15,13,48,24,18,0,6,9
NM_001142504,0,0,0,0,0,0,0,0,0,0,0,30
MSTRG.635,7,7,15,2,9,5,16,8,7,8,5,2
MSTRG.634,1147,1477,869,558,804,431,1211,999,1576,942,1030,1075
MSTRG.637,164,362,155,0,202,0,0,0,0,0,0,248
MSTRG.188,97,116,152,166,134,72,198,108,294,75,120,181
MSTRG.639,2349,2276,2148,1759,1730,878,2335,1854,3041,1343,1817,1820
MSTRG.186,2254,2592,2972,2041,1563,1329,3834,1434,2023,2296,1940,2277
MSTRG.185,0,0,3,0,0,2,0,0,0,0,0,6
MSTRG.184,13298,8836,13431,3737,2742,3744,5146,4335,4087,2291,9667,5087
MSTRG.183,8,10,15,8,9,9,25,8,4,10,8,6
MSTRG.182,18570,22298,30839,22453,17608,12523,27290,16403,25980,18900,16182,23443
MSTRG.181,0,5,14,3,11,4,10,3,12,7,9,12
MSTRG.180,1689,1754,1177,550,946,553,1299,1165,1328,965,1119,1314
NM_001244892,0,0,0,0,0,0,0,0,0,0,0,0
NM_001278000,0,0,0,0,0,0,0,0,0,0,0,0
NM_001169574,0,0,0,0,0,0,0,0,0,0,0,0
NM_012274,0,0,0,0,0,0,0,0,0,0,0,0
MSTRG.455,11,0,0,0,3,0,3,3,3,0,3,3
MSTRG.986,6566,5034,8172,4488,4903,2526,5735,4241,6272,3725,4733,3808
MSTRG.985,262,137,155,65,17,18,15,78,65,40,103,85
MSTRG.456,603,737,570,130,231,352,356,650,332,333,509,722
MSTRG.983,648,610,746,598,772,322,726,663,1049,348,401,453
MSTRG.982,0,0,0,0,0,4,0,0,0,0,0,0
MSTRG.453,446,248,131,101,224,33,290,59,663,54,109,286
MSTRG.452,46,32,14,2,2,64,3,6,2,2,87,12
NM_012471,0,0,0,0,0,4,5,0,3,0,0,0
MSTRG.459,12,9,14,3,12,7,6,2,17,2,9,5
MSTRG.458,1126,1251,1208,751,937,474,996,1014,1230,611,1208,1094
MSTRG.989,50,24,27,11,12,2,56,7,43,13,24,37
MSTRG.988,11,16,33,10,4,4,22,7,20,9,11,9
NM_000513,0,0,0,0,0,0,0,0,0,0,0,0
NR_102703,0,0,0,0,0,0,0,0,0,0,0,0
NM_001145718,0,0,0,0,0,0,0,0,0,0,0,0
NM_021083,0,4,3,0,4,0,0,0,0,4,12,0
NR_126564,0,0,0,0,0,0,0,0,0,0,0,0
NM_004988,0,0,2,0,0,0,0,0,0,0,0,0
NM_016379,0,0,0,0,0,0,0,0,0,0,0,0
MSTRG.859,426,388,433,219,360,120,411,315,434,274,337,246
MSTRG.858,346,490,400,358,448,173,661,359,648,389,346,375
MSTRG.400,793,710,1014,878,765,367,841,810,1078,531,944,642
MSTRG.29,7,4,7,7,6,0,37,6,17,8,8,11
NM_001173489,0,2,0,0,0,0,0,0,3,0,0,0
MSTRG.27,12,2,3,7,12,3,35,0,6,7,2,9
MSTRG.850,882,1012,1067,593,584,345,779,714,1010,557,717,837
MSTRG.25,9751,5679,7414,4445,5922,2685,7150,6239,8879,4442,5259,6889
MSTRG.852,730,485,871,447,311,532,586,321,517,423,302,400
MSTRG.23,329,0,142,134,135,0,198,0,146,50,0,103
MSTRG.854,7438,4860,7365,2755,3711,3550,6273,3545,4824,4176,4966,4262
MSTRG.857,5936,5569,6897,3492,4474,2367,4862,4152,7147,3222,4131,4350
MSTRG.20,59,21,48,27,8,0,38,0,36,20,5,51
NM_000354,0,0,0,0,0,0,0,0,0,0,0,0
NM_021796,0,0,0,0,0,0,0,0,0,0,0,0
NM_005756,0,0,0,0,0,0,0,0,0,0,0,0
NM_001303475,0,0,0,0,0,0,0,0,0,0,0,0
NR_029521,0,0,0,0,0,0,0,0,0,0,0,0
NR_029522,0,0,0,0,0,0,0,0,0,0,0,0
NM_000640,0,0,0,0,0,0,0,0,0,0,0,0
MSTRG.687,733,714,716,466,573,229,678,567,850,409,633,580
NM_198451,0,0,0,0,0,0,0,0,3,0,0,0
NM_001135740,0,0,0,0,0,0,0,0,0,0,0,0
NM_024859,9,23,8,20,31,8,1,0,6,9,1,39
NM_032461,0,0,0,0,0,0,0,0,0,0,0,0
MSTRG.957,6,9,5,2,3,0,7,3,4,2,0,0
NM_002025,4,7,13,28,18,0,75,10,32,92,6,4
NR_034116,0,0,0,0,0,0,0,0,0,0,0,0
NR_104645,0,0,0,0,0,0,0,0,0,0,0,0
NR_104644,0,0,0,0,0,0,0,0,0,0,0,0
NM_002063,0,0,0,0,0,0,0,0,0,0,0,0
NR_029423,28,28,17,7,21,9,26,13,19,11,15,22
NR_030232,0,0,0,0,0,0,0,0,0,0,0,0
NR_030233,0,0,0,0,0,0,0,0,0,0,0,0
NR_030231,0,0,0,0,0,0,0,0,0,0,0,0
NR_030236,0,0,0,0,0,0,0,0,0,0,0,0
NR_030237,0,0,0,0,0,0,0,0,0,0,0,0
NR_030234,0,0,0,0,0,0,0,0,0,0,0,0
NR_030235,0,0,0,0,0,0,0,0,0,0,0,0
NR_030238,0,0,0,0,0,0,0,0,0,0,0,0
NR_030239,0,0,0,0,0,0,0,0,0,0,0,0
NM_054021,0,0,0,0,0,0,0,0,3,0,0,0
NM_005462,0,0,0,0,0,0,0,0,0,0,0,0
NM_003604,3,0,0,0,0,0,5,0,0,0,0,0
NM_001007551,0,0,0,0,0,0,0,0,0,0,0,0
MSTRG.345,3,4,7,2,13,2,3,0,3,2,2,9
NM_001303514,0,0,0,0,0,0,0,0,0,0,0,0
NM_014332,0,0,0,0,0,0,0,0,0,0,0,0
NM_031907,0,0,0,0,0,0,0,0,0,0,2,0
NM_001048181,0,0,0,0,0,0,0,0,0,0,0,0
NM_001017978,0,0,0,0,0,0,0,0,0,0,0,0
MSTRG.132,3116,4684,4708,2896,3966,1562,5867,3865,4016,3286,3888,3599
MSTRG.538,18,20,12,24,14,6,7,16,13,4,14,7
MSTRG.539,5492,4279,5154,2993,3591,2164,3614,4343,5312,3517,5039,4404
MSTRG.536,18,43,27,29,53,10,66,35,62,22,38,24
MSTRG.537,7,11,2,2,2,2,17,6,17,7,10,2
MSTRG.534,0,0,0,0,0,0,0,0,14,0,0,0
MSTRG.535,592,923,1093,760,621,288,593,786,1005,507,558,1076
MSTRG.532,0,0,0,0,0,0,0,0,0,0,0,0
NM_033053,0,0,4,3,0,0,0,0,0,0,0,0
MSTRG.530,1,2,2,1,2,0,3,1,2,0,2,1
MSTRG.531,1,0,2,1,0,0,0,1,0,0,0,0
NM_001099682,36,0,12,0,0,0,34,0,8,0,26,0
NM_001099681,0,16,5,0,0,0,0,18,32,9,0,0
MSTRG.131,199,267,383,305,410,123,444,229,215,231,239,167
NM_001099686,0,0,0,0,0,0,0,0,0,0,0,0
NM_001099685,0,0,0,0,0,0,0,0,0,0,0,0
NM_001048164,0,0,0,0,0,0,0,0,0,0,0,0
MSTRG.640,10,10,0,8,11,6,21,7,17,4,8,7
NM_033290,0,0,0,0,0,0,0,0,0,0,0,0
NM_015686,0,0,6,0,0,0,0,0,0,0,0,0
MSTRG.641,6,2,13,6,17,37,16,10,37,5,27,9
MSTRG.134,1,0,0,0,0,1,0,0,0,0,0,0
MSTRG.980,484,92,156,38,53,101,75,124,98,72,102,116
MSTRG.643,7,5,8,21,12,1,9,9,19,9,15,15
NM_001163278,0,0,3,0,0,0,0,0,0,0,0,0
NM_001163279,0,0,0,0,0,0,0,0,0,0,0,0
NM_001271680,0,0,0,0,0,0,0,0,0,0,0,0
NM_022148,0,0,0,4,0,0,7,0,2,0,0,0
NM_001144064,0,0,0,0,0,0,0,0,0,0,0,0
MSTRG.1,22,30,49,2,12,14,20,11,34,11,16,13
MSTRG.622,19,51,8,4,57,3,8,19,68,12,24,14
MSTRG.191,0,0,0,0,0,0,2,0,0,0,0,2
MSTRG.192,7870,7300,12442,5472,5543,3330,6605,6603,7861,4366,7143,7641
MSTRG.193,17,10,62,12,20,11,37,10,18,11,19,25
MSTRG.626,116,241,198,293,346,225,437,196,345,190,140,195
MSTRG.627,91,62,85,24,44,31,34,40,64,37,57,61
MSTRG.196,8,46,45,28,46,16,51,66,7,46,14,26
MSTRG.197,0,0,0,0,0,0,0,0,2,0,0,0
MSTRG.198,7,9,3,3,6,3,9,4,7,4,9,24
MSTRG.199,121,187,111,56,111,89,165,126,78,91,134,234
MSTRG.628,730,750,977,501,506,282,815,790,754,457,618,624
MSTRG.629,8,5,15,2,12,4,15,9,13,5,22,12
MSTRG.454,1496,1615,1110,644,1017,259,1191,700,1896,608,885,912
NM_022076,0,0,0,0,0,0,0,0,0,0,0,0
MSTRG.998,209,110,142,222,173,59,133,141,181,100,198,136
MSTRG.999,0,0,0,0,0,0,0,0,0,0,0,0
MSTRG.990,4250,3214,4513,2713,2703,1427,3435,2539,4320,1847,3207,3408
MSTRG.991,6197,5008,6972,8587,6328,2122,5259,6707,7072,3173,10288,7103
MSTRG.992,36,66,61,5,44,0,33,46,204,50,57,344
MSTRG.993,0,0,0,0,0,0,0,0,2,4,0,0
MSTRG.994,3943,3017,4164,3560,5099,1574,7486,3951,7264,1915,4790,5133
MSTRG.995,1607,1633,2308,2339,1730,1218,2545,1603,3797,1063,1546,1593
MSTRG.996,342,396,197,277,224,130,275,252,683,107,111,268
MSTRG.997,17,13,0,0,2,2,2,0,0,2,7,4
MSTRG.446,59,96,57,36,50,16,63,48,106,42,43,63
MSTRG.447,4,5,17,2,4,5,2,3,9,5,1,0
MSTRG.444,727,801,725,319,352,179,633,561,734,518,383,638
MSTRG.445,17,8,13,9,20,7,16,13,10,4,8,9
MSTRG.442,18,43,77,18,26,10,71,111,8,33,185,16
MSTRG.443,170,162,187,69,93,58,115,79,139,87,133,179
MSTRG.440,14,8,5,7,8,11,7,6,7,4,5,5
MSTRG.441,1529,1455,1536,789,949,523,1664,877,1990,1203,963,1165
MSTRG.448,4733,4861,5471,3386,3705,1780,5536,3775,6008,2923,2909,3864
MSTRG.449,80097,61801,81323,33874,40694,32634,66110,37970,60382,44718,51216,48588
NM_001282631,0,0,0,0,0,0,0,0,0,0,0,0
NM_153448,0,0,0,0,0,0,0,0,0,0,0,0
NM_001169124,0,0,0,0,0,0,0,0,0,0,0,0
NM_001169125,0,0,0,0,0,0,0,0,0,0,0,0
NM_001169122,0,0,0,0,0,0,0,0,0,0,0,0
NM_001169123,0,0,0,0,0,0,0,0,0,0,0,0
NR_109813,0,0,0,0,0,0,0,0,0,0,0,0
NM_021637,0,0,0,0,0,0,0,0,0,0,0,0
MSTRG.12,0,1,0,2,2,2,8,0,4,0,0,0
MSTRG.13,38,7,21,3,6,0,11,9,15,5,18,13
MSTRG.10,35,21,27,19,12,3,35,14,13,10,13,15
MSTRG.849,70,72,27,23,24,40,45,46,37,19,28,38
MSTRG.16,940,803,731,315,410,107,857,258,570,145,299,214
NM_001080851,0,0,0,0,0,0,0,0,0,0,0,0
MSTRG.14,11442,7887,10853,5476,7019,3818,7253,6741,6498,4224,7781,7134
MSTRG.15,54,30,64,15,30,11,103,4,14,15,28,19
MSTRG.842,28,20,34,12,21,11,52,18,21,13,10,11
NM_001173490,0,0,0,0,0,0,0,0,0,0,0,0
MSTRG.840,10393,13758,7502,5173,7827,4355,11599,8902,10163,7880,8577,8866
MSTRG.19,6,10,4,8,35,2,20,27,14,4,11,7
MSTRG.846,130,89,127,57,53,46,118,45,118,32,88,50
MSTRG.847,146,276,85,102,34,25,84,122,201,53,47,224
MSTRG.844,19832,14608,21732,12951,12886,7641,17912,10783,24117,11093,15816,15497
MSTRG.845,0,14,14,0,0,5,5,11,0,0,0,12
NM_001243963,0,0,0,0,0,0,0,0,0,0,0,0
NM_001164415,0,0,7,0,0,7,0,0,7,0,4,0
NM_001164417,0,0,0,0,0,0,0,0,0,0,0,0
NM_001164416,0,0,0,0,0,0,0,0,0,0,0,0
NM_181332,0,0,0,0,0,0,0,0,0,0,0,0
MSTRG.1062,661,409,155,58,104,153,91,43,161,128,142,148
MSTRG.1063,893,1196,1487,571,434,132,797,859,1222,337,890,768
MSTRG.1060,71,39,37,17,27,12,36,16,52,22,36,28
MSTRG.1061,3661,3749,3524,2379,2737,1412,3121,3497,3731,2300,3426,2895
NM_198465,0,0,0,0,0,0,0,0,0,0,0,0
NM_001002254,0,0,0,0,0,0,0,0,0,0,0,0
NR_126557,0,0,0,0,0,0,0,0,0,0,0,0
NM_024689,0,0,0,0,0,0,0,0,0,0,0,0
NM_175569,0,0,0,0,0,0,0,0,0,0,0,0
NM_001171252,0,0,0,0,0,0,0,0,0,0,0,0
NM_139282,0,0,0,3,0,0,3,0,0,0,0,0
NR_073450,0,0,0,0,0,0,0,0,0,0,0,0
NM_175743,0,0,0,0,0,0,0,0,0,0,0,0
NM_175742,0,0,0,0,0,0,0,0,0,0,0,0
NM_139289,0,0,0,0,0,0,0,0,0,0,0,0
NR_104652,0,0,0,0,0,0,0,0,0,0,0,0
NR_026935,0,0,0,0,0,0,0,0,0,0,0,0
MSTRG.727,0,0,0,0,0,0,0,0,0,0,0,0
NR_106988,0,0,0,0,0,0,0,0,0,0,0,0
NM_001166387,0,0,0,0,0,0,0,0,0,0,0,0
NM_001166386,0,0,0,0,0,0,0,0,0,0,0,0
NR_030593,0,0,0,0,0,0,0,0,0,0,0,0
NR_030592,0,0,0,0,0,0,0,0,0,0,0,0
NR_030590,0,0,0,0,0,0,0,0,0,0,0,0
NM_001184703,0,0,0,0,0,0,0,0,0,0,0,0
NM_001184702,0,0,0,0,0,0,0,0,0,0,0,0
NM_001184704,0,0,0,0,0,0,0,0,0,0,0,0
MSTRG.632,5,360,25,21,20,78,0,22,0,15,141,112
NM_001257403,0,0,0,0,0,0,0,0,0,0,0,0
MSTRG.189,7,17,11,14,52,14,19,18,32,42,8,83
NR_037461,0,0,0,0,0,0,0,0,0,0,0,0
NM_005636,0,0,0,0,0,0,0,0,0,0,0,0
NM_005635,0,0,0,0,0,0,0,0,0,0,0,0
NM_005634,0,0,0,0,0,0,0,0,0,0,0,0
MSTRG.187,6566,8377,4810,4140,4464,2118,6574,5206,7574,4146,4087,7075
MSTRG.638,4,14,4,2,9,2,4,4,10,6,9,10
NM_001040612,0,0,0,0,0,0,0,0,0,0,0,0
NM_005393,0,0,0,0,0,0,0,0,0,0,0,0
NM_138703,0,0,0,3,0,0,0,0,0,0,0,0
MSTRG.503,40,53,66,22,36,16,51,42,27,36,6,18
MSTRG.502,41,51,64,21,36,16,49,44,27,36,6,18
MSTRG.501,2353,1005,1097,487,914,1422,1045,267,410,473,2686,965
MSTRG.500,146,103,149,86,117,54,147,83,131,55,109,59
MSTRG.507,113,17,103,16,53,4,59,42,77,65,41,65
MSTRG.506,939,971,1014,457,308,520,433,619,485,210,978,737
MSTRG.505,21,1,11,0,17,4,4,7,15,22,6,28
MSTRG.504,134,261,320,103,0,102,127,348,242,194,302,353
MSTRG.509,11,20,21,3,4,9,33,7,8,17,5,8
MSTRG.508,518,618,657,613,696,255,857,725,699,507,643,451
NM_052926,0,0,0,0,0,0,0,0,0,0,0,0
NM_212559,30,36,80,4,4,4,8,6,0,4,13,4
NM_001163265,0,0,0,0,0,0,0,0,0,0,0,0
NM_001163264,0,0,0,0,0,0,0,0,0,0,0,0
MSTRG.617,5,8,0,0,3,0,0,4,37,1,0,0
MSTRG.616,5,16,0,0,5,0,0,3,31,0,7,0
MSTRG.615,7,7,0,0,5,0,0,2,28,0,2,0
MSTRG.614,4,12,0,0,20,0,0,0,36,0,0,0
MSTRG.613,22,15,0,0,11,0,0,15,3,0,10,0
MSTRG.612,0,0,0,0,4,0,0,2,11,0,3,0
MSTRG.611,3,0,0,0,0,0,0,2,7,0,7,0
MSTRG.610,0,11,0,0,4,0,0,0,11,0,0,0
MSTRG.619,45,56,51,32,38,27,73,39,41,34,44,30
MSTRG.618,0,0,0,0,0,0,0,0,15,0,0,0
NM_005140,0,0,0,0,0,0,0,0,0,0,0,0
MSTRG.293,5,6,15,2,2,0,6,16,7,8,17,3
MSTRG.292,795,851,597,415,569,392,805,635,641,474,598,530
MSTRG.291,3,2,6,9,4,3,5,2,4,4,10,2
MSTRG.290,55,61,47,27,60,21,38,15,77,10,33,32
MSTRG.297,170,192,159,81,96,55,136,137,90,64,160,122
MSTRG.296,0,3,0,0,0,0,0,0,0,0,0,0
MSTRG.295,9,10,10,3,16,4,10,4,11,1,12,4
MSTRG.294,0,0,0,0,0,0,0,0,0,0,0,0
MSTRG.299,2518,2585,2990,2528,2252,1140,3093,2366,2899,1533,2550,2380
MSTRG.298,2932,2337,4547,2595,2967,1418,3817,2374,3290,1407,3064,2601
MSTRG.479,23,10,13,0,8,0,10,0,3,4,4,0
MSTRG.478,3291,6700,4413,2658,2905,1482,3446,2731,3082,1844,4184,6989
NM_001142503,52,20,36,0,0,28,15,0,15,7,80,0
MSTRG.473,2059,883,1980,993,1478,653,933,1299,1890,1063,1419,1353
MSTRG.472,4,0,2,0,2,2,5,0,6,3,0,0
MSTRG.471,5,2,5,0,0,2,8,0,2,2,2,2
MSTRG.470,4761,4130,6825,2825,2717,2294,3159,3786,3611,3080,4776,4309
MSTRG.477,625,390,874,294,317,280,507,481,492,474,564,440
MSTRG.476,6,5,8,0,5,0,16,4,9,6,4,4
MSTRG.475,694,516,1249,219,405,258,914,598,626,807,413,728
MSTRG.474,3746,3370,4025,1371,1975,1576,3140,2743,2319,2115,2617,2861
MSTRG.279,72,44,66,65,56,21,82,32,53,29,36,25
MSTRG.278,58,38,38,60,56,11,57,38,54,15,35,37
MSTRG.271,33,12,34,17,10,10,18,21,10,6,8,7
MSTRG.270,58,69,65,16,30,26,81,16,67,39,66,32
MSTRG.273,4537,3888,5458,2772,3259,1914,4697,2897,3942,3130,2998,2828
MSTRG.272,3935,3229,4918,2695,2379,1815,3878,2421,4138,2279,2541,3378
MSTRG.275,0,0,0,0,0,0,0,3,0,0,0,0
MSTRG.274,381,273,2020,281,249,175,334,1616,1406,197,277,378
MSTRG.277,128,178,140,50,129,90,180,99,168,99,92,151
MSTRG.276,1059,952,479,530,709,428,1245,822,754,526,652,761
NM_000533,0,0,0,0,0,0,0,0,0,0,0,0
NM_000531,0,0,0,0,0,0,0,0,0,0,0,0
NM_174901,0,0,0,0,0,0,0,0,0,0,0,0
NM_033085,0,0,0,0,0,0,0,0,0,0,0,0
NM_001282628,4,0,0,0,0,0,0,0,0,6,0,5
NM_182541,0,0,0,0,0,0,0,0,0,0,0,0
NM_001128172,0,0,0,0,0,0,0,0,0,0,0,0
NM_001128173,0,0,0,0,0,0,0,0,0,0,0,0
NR_046632,0,0,0,0,0,0,0,0,0,0,0,0
NR_046639,0,0,0,0,0,0,0,0,0,0,0,0
NR_046638,0,0,0,0,0,0,0,0,0,0,0,0
NM_198270,0,0,0,0,0,0,0,0,0,0,0,0
NM_001195272,0,0,0,0,0,0,0,0,0,0,0,0
MSTRG.879,4196,4405,3940,2693,4003,1740,4376,3899,4292,3142,4532,3843
MSTRG.878,0,0,0,0,0,0,0,0,0,0,0,2
MSTRG.877,0,1,0,0,0,0,0,0,0,0,0,0
MSTRG.876,0,0,2,2,0,0,0,1,0,0,0,0
MSTRG.875,0,0,0,1,0,2,0,0,0,0,2,0
MSTRG.874,2,0,0,0,0,0,1,0,0,1,0,0
MSTRG.873,0,2,0,0,0,0,1,0,0,1,0,0
MSTRG.872,3,0,11,0,0,0,2,6,4,0,2,0
MSTRG.871,184,173,138,99,131,74,138,255,241,107,129,189
MSTRG.870,11643,13196,14879,9397,10458,4059,11790,13347,14593,7786,11738,10558
NM_001251828,0,0,0,0,0,0,0,0,0,0,0,0
MSTRG.987,427,184,313,437,368,173,571,285,450,200,318,280
NM_199478,0,0,0,0,0,0,0,0,0,0,0,0
NM_016153,0,6,0,0,0,0,0,0,0,0,0,0
MSTRG.457,2,3,9,0,1,0,6,0,6,2,5,0
NM_138702,0,0,0,0,0,0,0,0,0,0,0,0
MSTRG.984,9,8,13,10,11,2,8,12,11,8,2,18
MSTRG.451,23,43,36,18,30,14,22,6,27,24,7,14
NM_000240,0,0,0,0,0,0,0,0,0,0,0,0
MSTRG.450,3,8,3,6,3,1,8,2,6,1,1,3
MSTRG.981,1161,935,1355,970,999,461,1347,924,1707,722,780,906
NM_003446,3,3,5,1,3,5,3,7,3,0,3,9
NM_139058,0,0,6,2,0,0,2,0,0,0,0,4
MSTRG.352,0,0,0,0,0,0,0,0,0,0,0,0
MSTRG.825,55,12,9,0,9,3,3,0,0,0,55,6
NM_172377,0,0,0,0,0,0,0,0,0,0,0,0
MSTRG.826,16,0,0,2,2,1,0,1,0,0,0,0
MSTRG.827,0,0,2,0,0,0,9,0,1,1,0,0
MSTRG.820,985,918,889,808,897,394,724,1080,1177,603,1210,689
MSTRG.821,479,542,549,312,396,231,502,537,651,324,467,492
MSTRG.822,524,395,390,144,216,165,299,220,350,213,343,384
MSTRG.355,0,0,0,0,0,0,0,0,0,0,0,0
NR_002191,0,0,0,0,0,0,0,0,0,0,0,0
NM_001312891,0,0,0,0,0,0,0,0,0,0,0,0
NM_001306193,0,0,0,0,0,0,0,0,0,0,0,0
NR_130469,0,0,0,0,0,0,0,0,0,0,0,0
NM_005448,0,0,0,0,0,0,0,0,0,0,0,0
NR_030581,0,0,0,0,0,0,0,0,0,0,0,0
NR_030584,0,0,0,0,0,0,0,0,0,0,0,0
NR_030586,0,0,0,0,0,0,0,0,0,0,0,0
NR_030587,0,0,0,0,0,0,0,0,0,0,0,0
NR_030589,0,0,0,0,0,0,0,0,0,0,0,0
NM_080832,0,0,0,0,0,0,0,0,0,0,0,0
NM_001127345,0,0,0,0,0,0,0,0,0,0,0,0
NR_104228,0,0,0,6,0,0,0,0,0,0,0,0
NR_001559,0,0,0,0,0,0,0,0,0,0,0,0
NM_004114,0,0,0,0,0,0,0,0,0,0,0,0
NM_001004486,0,0,0,0,0,0,0,0,0,0,0,0
NM_002625,0,0,29,15,7,9,19,14,24,14,5,7
NR_120499,0,0,0,0,0,0,0,0,0,0,0,0
NR_120494,0,0,0,0,0,0,0,0,0,0,0,0
NM_001291867,0,0,0,0,0,2,6,4,4,0,4,1
NR_120493,0,0,0,0,0,0,0,0,0,0,0,0
MSTRG.514,29,27,54,11,13,20,11,5,8,16,14,44
MSTRG.515,74,3,1,3,0,0,0,0,0,0,0,0
MSTRG.516,435,243,241,65,254,130,88,151,191,108,141,231
MSTRG.517,195,61,99,24,58,69,92,29,120,63,53,58
MSTRG.510,1240,1524,1060,609,1008,512,1439,1134,1303,944,1091,1034
MSTRG.511,82946,79453,192889,114486,56760,60029,105945,76116,79739,84658,74641,118981
MSTRG.512,1156,1178,1325,667,777,459,974,1065,1234,752,988,810
MSTRG.513,29,25,56,11,9,20,11,5,8,16,14,42
MSTRG.518,0,0,0,0,0,0,0,0,0,0,0,0
MSTRG.519,578,560,690,399,267,202,339,471,465,368,625,549
NM_001015038,0,0,6,0,0,0,0,0,0,0,0,0
MSTRG.11,44609,29479,50211,44721,34792,17693,40528,37799,46110,23171,42932,51789
NM_057162,0,0,0,0,0,0,0,0,0,0,0,0
NM_001144003,0,0,0,0,0,0,0,0,0,0,0,0
NM_001144004,0,0,0,0,0,0,0,0,0,0,0,0
NM_001144005,0,0,0,0,0,0,0,0,0,0,0,0
NM_001144006,0,0,0,0,0,0,0,0,0,0,0,0
NM_001097596,0,0,0,0,0,0,0,0,0,0,0,0
NM_001144008,0,0,0,0,0,0,0,0,0,0,0,0
NM_001144009,0,0,0,0,0,0,0,0,0,0,0,0
NM_001163257,13,0,0,0,0,0,6,3,16,0,3,10
NM_033670,0,0,0,0,0,0,0,0,0,0,0,0
MSTRG.608,6,9,0,0,8,0,0,0,2,0,2,0
MSTRG.609,5,12,0,0,3,0,0,3,9,0,5,0
NM_012069,0,0,0,0,0,0,0,0,0,0,0,0
MSTRG.600,1475,1584,1508,728,970,652,1381,1228,1554,986,1162,1828
MSTRG.601,0,0,0,0,0,0,0,0,0,0,0,0
MSTRG.602,0,0,0,0,0,0,0,0,0,0,0,0
MSTRG.603,30,39,121,32,54,25,50,18,35,30,32,70
MSTRG.604,8556,10862,1131,0,5705,4947,7025,9762,11026,8946,8956,3216
MSTRG.605,0,0,15136,481,5705,4947,7025,0,0,0,0,9556
MSTRG.606,0,16,0,0,2,0,0,0,5,0,6,0
MSTRG.607,7,18,0,0,3,0,0,0,7,0,6,0
NR_033772,0,0,0,0,0,0,0,0,0,0,0,0
NR_033773,0,0,0,0,0,1,0,4,2,0,0,2
NR_027250,0,0,0,0,0,0,0,0,0,0,0,0
MSTRG.1001,10112,7426,10077,8384,10762,4589,16603,5725,10869,6051,6861,7546
NM_001282504,0,0,0,0,0,0,0,0,0,0,0,0
NM_001282505,0,0,0,0,0,0,0,0,0,0,0,0
NM_001282502,0,0,0,0,0,0,0,0,0,0,0,0
NM_001282501,0,0,0,0,0,0,0,0,0,0,0,0
MSTRG.284,0,0,0,0,0,0,0,0,0,0,0,0
MSTRG.285,4316,3833,4501,3226,3672,1695,4182,3243,5386,2168,3694,3959
MSTRG.286,34,18,24,18,6,7,33,45,46,9,5,49
MSTRG.287,4290,4111,5338,3840,3131,1850,3442,3882,4135,2694,3785,4577
MSTRG.280,271,38,132,626,271,84,447,173,782,128,64,300
MSTRG.281,4259,2879,4507,3371,3072,1613,4379,2505,4399,2203,2959,3271
MSTRG.282,71,91,28,84,58,10,132,19,115,11,0,94
NM_022053,0,0,0,0,0,0,0,0,0,0,0,0
MSTRG.288,12,3,2,5,5,0,1,4,0,6,2,0
MSTRG.289,1181,797,631,268,480,474,1047,370,1165,594,652,656
MSTRG.468,154,199,163,105,120,59,194,147,129,93,179,139
MSTRG.469,0,0,0,0,0,0,0,0,0,0,0,0
MSTRG.464,76,16,146,63,74,26,92,68,98,41,111,62
MSTRG.465,718,600,892,515,583,328,762,766,572,594,770,647
MSTRG.466,3,0,3,0,0,0,0,0,2,0,0,2
MSTRG.467,0,12,13,0,5,0,15,8,10,0,0,13
MSTRG.460,4,12,0,2,3,0,0,1,5,2,3,7
MSTRG.461,57,76,137,82,31,51,90,68,106,38,86,95
MSTRG.462,3673,3807,1371,2480,2246,1469,3352,2664,3867,1975,2231,3000
MSTRG.463,0,3807,2098,2479,2246,1469,3351,2664,0,1975,2231,2996
MSTRG.268,5758,4000,6619,4171,4478,2531,6569,4133,6408,3318,4325,4485
MSTRG.269,24826,19946,32647,19639,18770,13022,27427,14752,24099,16428,15869,18914
MSTRG.262,1666,1709,1472,801,1235,292,1278,810,2384,592,366,719
MSTRG.263,234,219,202,138,195,103,313,223,247,140,215,229
MSTRG.260,8,0,0,0,0,0,0,0,0,0,0,0
MSTRG.261,35,16,22,11,5,9,25,15,14,5,22,21
MSTRG.266,23,10,13,14,10,3,23,18,21,5,15,8
MSTRG.267,3827,3079,4815,3764,3140,1667,3573,3368,4386,2235,3790,4038
MSTRG.264,529,480,595,432,648,265,898,708,683,307,624,802
MSTRG.265,6826,7238,5989,3594,3294,2796,6304,4243,5027,4128,4509,4871
NM_018969,0,6,0,0,6,0,5,0,0,0,0,4
NM_001170751,0,0,0,0,0,0,0,0,0,0,0,0
NM_001727,0,0,0,0,0,0,0,0,0,0,0,0
NM_020742,0,0,0,0,0,0,0,0,0,0,0,0
NM_016610,0,0,0,0,3,5,5,0,0,0,0,0
NM_001009609,0,0,0,0,0,0,0,0,0,0,0,0
MSTRG.860,1626,1839,1381,1069,1351,761,1539,1750,1845,1158,1288,1425
MSTRG.861,668,669,643,373,516,412,648,593,660,343,786,473
MSTRG.862,899,866,883,462,645,307,870,670,928,704,810,766
MSTRG.863,7,6,10,2,0,8,0,16,6,9,16,2
MSTRG.864,2,0,1,24,14,0,0,20,48,0,2,12
MSTRG.865,256,294,258,243,335,41,674,171,724,238,30,247
MSTRG.866,5405,7263,4952,3990,5726,2898,6311,5376,8620,4380,4138,7330
MSTRG.867,0,6,0,0,0,3,0,0,0,0,0,2
MSTRG.868,2121,690,2356,223,400,12,1227,605,722,348,25,1185
MSTRG.869,0,0,0,0,0,0,0,2,0,0,2,0
MSTRG.28,11,3,6,10,5,2,17,2,2,5,3,3
NM_001173486,0,0,0,0,0,0,0,0,0,0,0,0
MSTRG.26,3,0,0,2,6,0,2,9,2,1,2,0
MSTRG.853,17,15,5,0,0,0,4,9,9,0,14,6
MSTRG.24,0,56,0,0,0,11,0,39,0,0,8,0
MSTRG.855,4,9,8,2,2,2,9,2,4,0,2,3
NR_106783,0,0,0,0,0,0,0,0,0,0,0,0
NM_000898,0,0,0,0,0,0,0,0,0,0,0,0
NR_028089,0,0,0,0,0,0,0,0,0,0,0,0
MSTRG.22,191,49,103,92,45,13,122,17,85,30,5,83
NM_144967,3,0,0,0,0,0,0,0,0,0,0,0
NM_000381,25,51,20,22,4,12,13,12,20,12,6,53
MSTRG.21,48,4,21,13,6,0,14,0,13,6,0,22
MSTRG.856,1190,1320,1681,889,760,788,962,1107,926,591,1293,1282
NM_173699,0,0,0,0,0,0,0,0,0,0,0,0
NM_173698,0,0,0,0,0,0,0,0,0,0,0,0
MSTRG.1044,1006,1210,1568,1004,1241,639,1341,1438,1710,782,1025,1232
MSTRG.1045,2221,2531,1915,1414,2364,1019,3366,2293,3127,1593,1805,1680
MSTRG.1046,3768,4979,3895,3023,4015,1755,3712,4406,5472,2738,4210,3813
MSTRG.1047,804,749,874,688,653,295,826,679,785,520,1256,823
MSTRG.1040,9,15,30,11,14,13,37,15,36,6,8,12
MSTRG.1041,23,30,21,21,11,9,29,8,64,24,12,18
MSTRG.1042,8,14,24,12,10,2,11,6,28,9,18,5
MSTRG.1043,3420,3409,4884,3014,3066,2110,3834,3588,4749,2464,2485,2850
MSTRG.1048,421,350,252,1351,1125,290,988,411,2390,599,976,654
MSTRG.1049,0,0,7,0,0,0,18,12,0,2,0,14
NM_001012428,0,0,0,0,0,0,0,0,0,0,0,0
NM_001013403,0,0,0,0,0,0,0,0,0,0,0,0
NR_024359,11,0,6,0,0,0,5,5,0,6,0,0
NM_001128168,0,0,0,0,0,0,0,0,0,0,0,0
NM_001128167,0,0,0,0,0,0,0,0,0,0,0,0
NM_001128166,0,2,0,0,0,0,0,0,0,0,0,0
NR_002216,0,0,0,0,0,0,0,0,0,0,0,0
NM_001287758,5,0,0,3,0,0,0,0,0,0,5,0
NM_001287759,0,0,0,0,0,0,0,0,0,0,0,0
NM_001184835,0,0,0,0,0,0,0,0,0,0,0,0
NM_001184834,0,0,0,0,0,0,0,0,0,0,0,0
NM_001184837,0,0,0,0,0,0,0,0,0,0,0,0
NM_001184836,0,0,0,0,0,0,0,0,0,0,0,0
NM_001184831,0,0,0,0,0,0,0,0,0,0,0,0
NM_001184830,5,0,0,0,0,0,0,0,0,0,2,0
NM_001184833,0,0,0,0,0,0,0,0,0,0,0,0
NM_007003,0,0,0,0,0,0,0,0,0,0,0,0
NM_175698,0,0,0,0,0,0,0,0,0,0,0,0
MSTRG.625,2,4,9,4,5,5,14,8,9,3,4,9
NM_021992,0,0,6,0,0,0,0,0,4,9,0,0
NM_001128834,3,0,0,0,0,0,0,0,0,0,0,0
NR_073432,0,0,0,0,0,0,0,0,0,0,0,0
NR_037444,0,0,0,0,0,0,0,0,0,0,0,0
MSTRG.329,1655,1500,1721,1099,1231,588,1513,1243,2186,886,1185,1241
MSTRG.328,9,8,11,3,6,0,10,8,13,5,3,6
NR_110387,0,0,0,0,0,0,0,0,0,0,0,0
NR_110386,0,0,0,0,0,0,0,0,0,0,0,0
NR_110385,0,0,0,0,0,0,0,0,0,0,0,0
NM_001002838,0,0,0,0,0,0,0,0,0,0,0,0
NR_110382,0,0,0,0,0,0,0,0,0,0,0,0
MSTRG.322,2086,1421,2750,1886,1648,834,1782,1451,2445,1103,1785,1775
MSTRG.897,0,4,8,3,4,0,9,0,15,1,2,4
NR_110388,0,0,0,0,0,0,0,0,0,0,0,0
MSTRG.896,18,18,16,7,9,7,22,8,14,7,38,7
NM_021118,0,0,0,0,0,0,0,0,0,0,0,0
MSTRG.326,3151,1953,2587,2269,2792,1740,2747,2026,2883,1683,2116,2223
MSTRG.325,7419,9303,14317,18379,8861,4432,7748,8144,10889,6242,13670,9452
MSTRG.892,29,25,60,7,29,22,18,28,11,18,98,92
NR_110412,0,0,0,0,0,0,0,0,0,0,0,0
MSTRG.240,0,0,1,3,0,0,18,4,12,3,4,6
MSTRG.713,485,589,550,493,667,187,603,598,688,359,531,402
MSTRG.242,33,57,35,33,41,19,41,31,30,18,50,29
NM_033642,0,0,0,0,0,0,0,0,0,0,0,0
NM_033641,0,0,0,0,0,0,0,0,0,0,0,0
MSTRG.243,0,39,3,0,4,0,10,0,6,16,0,0
MSTRG.716,2156,4239,4551,2136,2559,1051,2962,3360,3491,3801,6368,4328
MSTRG.717,2817,3523,3544,1793,2524,1263,2503,2783,3696,1992,2930,2920
MSTRG.679,1985,3030,2112,1606,1818,797,2035,2354,2724,1438,2663,1938
MSTRG.714,4094,5229,5118,2746,3273,1746,4316,3805,5617,3295,3672,4150
NM_177456,0,0,0,0,0,0,0,0,0,0,0,0
MSTRG.675,9,12,2,19,14,7,16,2,16,14,9,8
MSTRG.674,34,32,18,17,21,5,24,11,29,11,20,9
MSTRG.677,391,713,331,201,450,152,913,364,586,459,363,434
MSTRG.247,1342,1370,1379,848,1181,496,1513,1058,1261,969,1393,964
MSTRG.671,158,220,72,23,39,17,64,46,135,40,126,162
MSTRG.670,120,77,110,57,106,24,141,83,110,84,139,93
MSTRG.673,3,7,8,3,5,5,11,7,7,1,7,2
MSTRG.672,185,207,137,44,65,43,62,109,107,69,158,131
NR_033742,0,2,1,0,2,0,3,2,0,0,3,3
NM_005369,0,0,0,0,0,0,0,0,0,0,0,0
NM_005361,0,0,0,0,0,0,0,0,0,0,0,0
NM_005363,0,0,0,0,0,0,0,0,0,0,0,0
NM_005362,0,0,0,0,0,0,0,0,0,0,0,0
NM_005365,0,0,0,0,0,0,0,0,0,0,0,0
NM_005364,0,0,0,0,0,0,0,0,0,0,0,0
NM_005367,0,0,0,0,0,0,0,0,0,0,0,0
NM_005366,0,0,0,0,0,0,0,0,16,0,0,0
NR_033349,0,0,0,0,0,0,0,0,0,0,0,0
NR_033348,0,0,0,0,0,0,0,0,0,0,0,0
NR_038462,0,0,0,0,0,0,0,0,0,0,0,0
NR_038461,0,0,0,0,0,0,0,0,0,0,0,0
MSTRG.491,0,0,0,0,0,0,53,0,0,0,0,31
NM_004143,10,6,9,8,0,0,10,3,14,5,6,4
MSTRG.493,32,35,14,17,33,19,33,41,22,19,30,32
MSTRG.492,63,45,69,38,17,19,79,15,56,10,58,22
MSTRG.495,2,0,2,2,1,0,2,0,1,2,10,3
MSTRG.494,21,35,24,9,21,5,30,25,27,20,31,15
MSTRG.497,6298,4281,3949,1659,2620,2022,4476,3133,3477,2952,3456,3402
MSTRG.496,5,1,8,3,0,2,2,2,1,0,3,1
MSTRG.499,20948,22984,21295,7960,13257,8003,22710,10757,17045,8402,18857,13229
MSTRG.498,0,0,0,6,1,11,0,3,0,0,0,0
NM_173358,0,0,0,0,0,0,0,0,0,0,0,0
NM_001939,42,50,23,17,22,24,42,16,29,6,29,28
MSTRG.701,2678,3560,2449,1367,2057,1123,2408,2331,2940,1628,2722,2337
MSTRG.700,110,122,147,31,51,48,209,71,107,66,93,52
MSTRG.703,18,19,9,21,17,8,7,6,10,51,27,35
MSTRG.702,0,0,0,0,0,0,0,0,2,2,2,5
MSTRG.705,66,95,65,30,62,18,61,34,67,49,67,45
MSTRG.704,0,0,0,0,0,3,0,0,0,0,0,0
MSTRG.259,1272,1139,1000,461,757,525,924,1009,1354,599,703,911
MSTRG.706,0,0,5,0,2,2,19,0,2,0,2,7
MSTRG.257,10,2,2,0,0,10,6,2,4,1,7,1
MSTRG.256,710,732,637,439,486,258,691,467,675,391,672,552
MSTRG.255,2104,2068,3051,1572,1257,1436,3373,1551,1837,2592,1828,2761
MSTRG.254,3806,2305,3554,1984,1234,1125,1939,1842,1711,1355,1931,2585
MSTRG.253,3,1,0,1,0,0,1,0,0,0,0,1
MSTRG.252,6,10,3,1,5,2,10,2,8,2,2,3
MSTRG.251,1355,184,319,932,898,240,891,988,816,259,779,446
MSTRG.250,721,930,963,554,644,297,880,789,1022,622,676,911
NM_001282535,0,0,0,0,0,0,0,0,0,0,0,0
NM_138382,0,0,0,0,0,0,0,0,0,0,0,0
NM_001282607,0,0,0,0,0,0,0,0,0,0,0,0
MSTRG.389,76,141,149,195,145,25,179,60,143,73,80,76
MSTRG.388,4700,3669,4633,4865,4988,2071,6722,2161,3682,2195,2708,2436
NR_029905,0,0,0,0,0,0,0,0,0,0,0,0
MSTRG.385,405,496,595,296,590,248,878,387,529,306,398,299
MSTRG.384,3729,3279,4044,1810,2542,1418,3797,2379,4037,1977,2876,2569
MSTRG.387,476,307,534,243,369,199,383,351,393,275,347,233
NR_029909,0,0,0,0,0,0,0,0,0,0,0,0
MSTRG.381,43,60,60,45,78,29,40,82,134,47,45,74
MSTRG.380,4839,3703,5729,3522,3916,1893,3939,2994,6261,2306,3199,3751
MSTRG.383,5,6,9,3,0,2,2,2,0,2,15,0
MSTRG.382,94,123,126,58,84,42,95,142,139,71,138,84
NM_004709,0,0,0,0,0,0,0,0,0,0,0,0
NR_027121,0,0,0,0,0,0,0,0,0,0,0,0
NM_133179,0,0,0,0,0,0,0,0,0,0,0,0
NM_001142395,0,0,0,0,0,0,0,0,0,0,0,0
NM_001009613,0,0,0,0,0,0,0,0,0,0,0,0
NM_001009615,0,0,0,0,0,0,0,0,0,0,0,0
NM_001009614,0,0,0,0,0,0,0,0,0,0,0,0
NM_001009616,0,0,0,0,0,0,0,0,0,0,0,0
MSTRG.815,27,13,17,19,20,9,24,3,35,4,14,13
MSTRG.814,239,47,143,49,259,11,184,167,286,149,6,165
MSTRG.817,3390,5737,2792,3249,1970,2479,5439,4380,2800,3831,4756,2479
MSTRG.816,5568,6159,4636,3422,4460,2062,4680,4735,6487,3834,6210,5037
MSTRG.811,968,1316,946,1090,1257,413,1275,1322,1428,720,1302,1226
MSTRG.810,73,112,85,44,50,49,110,57,105,49,58,92
MSTRG.813,3454,3520,2435,1808,2649,1353,3549,2972,3656,2609,2641,2374
MSTRG.812,95,70,105,65,97,43,154,83,135,75,94,69
MSTRG.819,49,32,41,20,34,13,50,16,30,24,31,15
MSTRG.818,3218,3874,3896,2764,3080,1396,3391,3530,4615,2240,3934,3012
MSTRG.1059,1131,1202,848,544,493,434,773,630,866,587,791,875
MSTRG.1058,452,350,160,151,210,143,420,162,302,170,214,176
MSTRG.397,0,0,0,0,0,0,0,0,0,0,0,0
MSTRG.1053,0,0,0,0,0,0,0,0,0,0,3,0
MSTRG.1052,111,580,84,854,935,101,1071,632,838,342,736,671
MSTRG.1051,4,1,3,1,4,1,4,2,2,2,9,0
MSTRG.1050,236,292,174,0,0,110,128,113,177,119,198,186
MSTRG.1057,5,13,10,12,10,0,15,0,22,5,0,9
MSTRG.1056,3,1,3,1,2,1,3,1,2,2,7,0
MSTRG.1055,0,0,0,0,0,0,0,0,0,0,0,0
MSTRG.1054,545,401,461,608,657,83,728,398,488,109,531,479
MSTRG.929,3,4,0,3,3,0,0,0,0,0,0,3
MSTRG.928,272,266,339,197,4200,110,336,184,339,1758,127,238
MSTRG.921,4024,3127,4086,2170,2864,1439,4610,3054,3661,3092,1517,2436
MSTRG.920,29,26,26,42,24,10,32,19,32,22,48,18
MSTRG.923,22,22,26,14,27,15,57,13,47,14,16,15
NM_001013435,0,0,0,0,0,0,0,0,0,0,0,0
MSTRG.925,18417,20928,23040,11439,15063,8183,21678,16236,20839,13335,16166,15817
MSTRG.924,7,4,4,2,8,10,13,9,6,8,0,5
MSTRG.927,15,24,15,18,14,4,20,17,20,19,27,16
MSTRG.926,1,2,1,1,0,0,0,1,1,0,1,0
NM_000266,0,0,0,0,0,0,0,0,0,0,0,0
MSTRG.391,2,0,4,0,0,0,4,2,3,1,2,1
NM_006140,0,0,0,0,0,0,0,0,0,0,0,0
NM_001205201,0,0,0,0,0,0,0,0,0,0,0,0
NM_001170331,0,0,0,0,0,0,0,0,0,0,0,0
NM_004961,0,0,0,0,0,0,0,0,0,0,0,0
NM_001017438,0,0,0,0,0,0,0,0,0,0,0,0
NM_173571,0,0,0,0,0,0,0,0,0,0,0,0
NM_001291868,0,0,0,0,0,0,0,0,0,0,0,0
NM_001080139,0,0,0,0,0,0,0,0,0,0,0,0
NM_001080138,0,0,0,0,0,0,0,0,0,0,0,0
NM_001080137,0,0,0,0,0,0,0,0,0,0,0,0
NM_153183,0,0,0,0,0,0,0,0,0,0,0,0
NM_001127212,0,0,0,0,0,0,0,0,0,0,0,0
NM_001139498,0,0,0,0,0,0,0,0,0,0,0,0
NM_001171110,0,0,0,0,0,0,0,0,0,0,0,0
NM_001171111,0,0,0,0,0,0,0,0,0,0,0,0
NM_153346,0,0,0,0,0,0,0,0,0,0,0,0
MSTRG.439,17,25,14,4,14,9,7,14,18,12,14,10
NR_029638,0,0,0,0,0,0,0,0,0,0,0,0
MSTRG.636,11,0,0,0,0,0,0,0,0,0,6,0
NR_031748,0,0,0,0,0,0,0,0,0,0,0,0
NM_001079900,0,0,0,0,0,0,0,0,0,0,0,0
NR_027419,7,0,9,0,0,0,0,0,0,2,0,0
NM_001077188,0,0,0,0,0,0,0,0,2,0,0,0
NM_152761,5,3,0,3,3,0,0,0,5,0,0,0
NM_031273,0,0,0,0,0,0,0,0,0,0,0,0
NM_031276,0,0,0,0,0,0,0,0,0,0,0,0
NR_031667,0,0,0,0,0,0,0,0,0,0,0,0
NR_110398,0,0,0,0,0,0,0,0,0,0,0,0
NR_110399,0,0,0,3,0,0,0,0,0,0,0,0
NR_110390,0,0,0,0,0,0,0,0,0,0,0,0
NR_110393,0,0,0,0,0,0,0,0,0,0,0,0
NR_110395,0,0,0,0,0,0,0,0,0,0,0,0
NR_110396,3,0,0,0,0,0,0,0,0,0,0,0
NR_073393,0,0,0,0,0,0,0,0,0,0,0,0
NM_014289,0,0,0,0,0,0,0,0,0,0,0,0
NM_152582,0,0,0,0,0,0,0,0,0,0,0,0
NM_014467,0,0,0,0,0,0,0,0,0,0,0,0
MSTRG.133,1405,1885,1534,1091,1341,617,1810,1471,2207,1137,1367,1596
NR_110400,0,0,0,0,0,0,0,0,0,0,0,0
NR_110401,0,0,0,0,0,0,0,0,0,0,0,0
NR_110402,0,0,0,0,0,0,0,0,0,0,0,0
NR_110403,0,0,0,0,0,0,0,0,0,0,0,0
NR_110404,0,0,0,0,0,0,0,0,0,0,0,0
NR_110405,0,0,0,0,0,0,0,0,0,0,0,0
NR_110406,0,0,0,0,0,0,0,0,0,0,0,0
NR_110409,0,0,0,0,0,0,0,0,0,0,0,0
NM_001170750,0,0,0,0,0,0,0,0,0,0,0,0
NM_021949,0,0,0,0,0,0,0,0,2,0,0,0
MSTRG.668,22,14,21,5,8,11,21,14,16,9,13,11
MSTRG.669,935,931,752,486,576,127,807,711,1175,610,782,686
MSTRG.666,5,9,8,13,9,1,9,9,8,3,12,13
MSTRG.667,49,71,111,19,43,11,11,13,59,8,245,81
MSTRG.664,10,7,3,3,13,0,18,14,13,0,7,11
MSTRG.665,85,315,168,32,150,75,284,81,80,78,242,84
MSTRG.662,1176,271,1043,161,1067,551,1066,1119,674,430,406,454
MSTRG.663,12,27,74,18,5,0,12,18,99,12,0,32
MSTRG.660,282,418,323,268,201,61,305,160,332,134,317,333
MSTRG.661,253,371,205,211,258,108,303,385,328,180,222,291
NM_178151,0,0,0,0,0,0,0,0,0,0,0,0
NM_178153,0,0,0,0,0,0,0,0,0,0,0,0
NM_178152,0,0,0,0,0,0,0,0,0,0,0,0
NM_001316887,0,0,0,0,0,0,0,0,0,0,0,0
NM_001316889,0,0,0,0,0,0,0,0,0,0,0,0
NM_001316888,5,0,3,0,2,0,0,0,0,0,6,6
NR_002784,0,0,0,0,0,0,2,0,0,0,0,0
NM_001278691,0,0,0,0,0,0,0,0,0,0,0,0
NR_045617,0,0,0,0,0,0,0,0,0,0,0,0
NM_001278697,0,0,0,0,0,0,0,0,0,0,0,0
NM_031442,0,0,0,0,0,0,0,0,0,0,0,0
MSTRG.482,5560,4593,4561,2182,2828,2098,5343,2558,4603,2825,2948,3502
MSTRG.483,5,1,5,2,2,0,7,0,4,1,1,3
MSTRG.480,59,95,73,47,34,31,120,38,110,19,53,68
MSTRG.481,19079,17075,18164,12803,11076,8590,13775,11891,17138,8970,15111,15656
MSTRG.486,17,22,39,9,22,12,14,7,13,8,14,14
MSTRG.487,14,2,12,3,4,3,5,0,2,0,1,3
MSTRG.484,84,94,63,28,21,30,83,46,60,22,69,69
MSTRG.485,5,2,5,2,2,3,2,3,3,2,11,0
MSTRG.488,211,98,307,105,170,85,195,126,145,88,166,81
MSTRG.489,5985,4611,5990,2222,2623,2377,4655,2801,4680,3231,2454,3437
MSTRG.712,40,215,52,49,70,23,129,97,47,65,81,97
MSTRG.241,4,6,5,6,11,7,16,9,5,2,9,5
MSTRG.710,1216,1807,837,580,1117,406,1432,934,1517,708,1032,832
MSTRG.711,7,5,4,3,3,3,23,0,3,3,0,7
MSTRG.244,6,8,16,8,8,13,21,8,22,4,5,11
MSTRG.245,6,2,3,0,0,0,2,0,12,0,2,2
MSTRG.246,1541,1838,1706,574,1745,282,2417,1236,2772,1333,1854,1078
MSTRG.715,53,52,73,54,51,15,113,24,60,26,30,52
MSTRG.248,160,65,107,24,210,28,117,70,125,42,10,8
MSTRG.249,200,46,111,32,125,46,124,82,153,36,29,15
MSTRG.718,1080,1008,966,804,831,397,865,849,1410,614,1170,736
MSTRG.719,20,32,17,418,180,20,180,0,39,3073,40,57
NM_001101357,0,0,0,0,0,0,0,0,0,0,0,0
NM_001170628,0,0,0,0,0,0,0,0,0,0,0,0
NM_130388,0,2,0,2,8,0,4,5,4,7,0,0
NM_001242922,0,0,0,0,0,0,0,0,0,0,0,0
MSTRG.398,254,410,336,305,269,134,399,363,404,272,311,308
MSTRG.399,1,2,2,2,0,1,0,0,2,4,2,2
MSTRG.396,0,0,0,0,0,0,2,0,0,0,1,0
NR_033974,0,0,0,0,0,0,0,0,2,17,0,0
MSTRG.394,3528,3277,4263,2469,2394,1514,3409,2455,3701,2102,2274,2638
MSTRG.395,42015,40827,38271,20965,26391,17285,44486,21381,50657,29654,25199,34025
MSTRG.392,732,775,495,207,158,217,549,1110,828,335,228,438
MSTRG.393,122,141,189,66,55,39,54,78,101,76,93,138
MSTRG.390,4118,2431,3160,1978,2323,1577,2345,2910,2407,1991,3252,2509
NM_001097594,0,0,0,0,0,0,0,0,0,0,0,0
NM_016383,0,0,0,0,0,0,0,0,0,0,0,0
NM_000074,0,0,0,0,0,4,0,0,4,0,0,0
MSTRG.806,1788,1459,2119,1395,1098,792,1551,1227,1467,927,1691,1341
MSTRG.807,5230,4683,5974,3567,3698,2200,3043,4451,5005,2453,4997,4269
MSTRG.804,56,130,69,49,75,19,141,46,148,42,62,79
MSTRG.805,1672,1951,1487,1253,1785,760,2499,1922,2288,1440,1638,1615
MSTRG.802,10,20,18,9,16,1,19,28,34,9,11,17
MSTRG.803,3,3,6,10,7,0,23,6,10,5,3,1
MSTRG.800,0,10,5,6,0,2,6,4,3,4,4,4
MSTRG.801,7,11,8,4,1,0,19,0,6,8,20,7
NM_000475,0,0,0,0,2,0,0,2,0,0,0,0
NM_001170752,0,0,0,0,0,0,0,0,0,0,0,0
MSTRG.808,0,0,0,0,0,0,0,0,0,0,0,0
MSTRG.809,70,89,91,70,101,42,108,76,98,49,72,64
NM_138289,0,0,0,0,0,0,0,0,0,0,0,0
MSTRG.8,406,286,372,507,296,138,455,95,564,176,155,432
MSTRG.9,1136,1171,491,375,907,503,598,794,1215,422,1145,1198
MSTRG.1028,8,4,9,4,3,4,9,7,2,3,3,3
MSTRG.1029,3639,2640,4139,3130,3290,1409,4024,2105,4109,1832,2027,2403
MSTRG.1026,1265,568,844,904,771,393,788,850,798,313,1192,998
MSTRG.1027,8,4,9,4,3,4,9,7,2,3,3,3
MSTRG.2,84,48,76,19,14,21,36,22,79,18,51,72
MSTRG.1025,1091,583,1059,654,814,434,762,781,798,539,933,589
MSTRG.4,7944,4812,6133,3049,1999,4012,6185,1690,1988,1750,2571,4356
MSTRG.5,54,33,20,7,0,6,11,0,11,0,4,17
MSTRG.6,2,0,0,0,0,0,0,0,0,0,0,0
MSTRG.7,6,4,20,11,5,0,84,0,20,19,2,0
MSTRG.938,12,3,1,6,2,0,0,2,4,1,3,11
MSTRG.3,2302,1460,2726,1980,2848,654,3231,2436,3663,1132,2348,2820
MSTRG.932,2,6,10,4,5,4,1,3,6,1,3,8
MSTRG.933,7,4,13,36,72,0,163,13,5,28,2,5
MSTRG.930,0,2,3,10,5,0,0,0,0,2,0,0
MSTRG.931,3,0,1,1,3,0,0,4,2,0,1,2
MSTRG.936,3232,3938,2364,1229,2020,1400,2751,2704,3922,2578,2887,2759
MSTRG.937,0,0,0,1,0,0,0,0,0,0,0,0
MSTRG.934,54,18,31,29,37,31,13,7,18,20,64,35
MSTRG.935,13,0,1,3,7,4,12,10,3,0,0,2
MSTRG.1020,0,1,1,3,2,2,2,0,1,2,1,1
NM_000273,0,0,0,0,0,0,0,0,0,2,0,0
MSTRG.1021,689,517,612,641,867,328,876,857,1017,480,789,434
NR_046642,0,0,0,0,0,0,0,0,0,0,0,0
NM_020766,0,0,0,0,0,0,0,0,0,0,0,0
NM_001168474,0,0,0,0,0,0,0,0,0,0,0,0
NM_020384,0,0,0,0,0,0,0,0,0,0,0,0
NM_001011645,0,0,0,0,0,0,0,0,0,0,0,0
MSTRG.939,259,151,198,190,201,82,291,170,243,155,230,217
NM_021015,0,0,0,0,0,0,0,0,0,0,0,0
NM_021014,0,0,0,0,0,0,0,0,0,0,0,0
NM_032882,6,0,12,0,9,0,0,12,4,0,6,10
NM_006517,0,0,5,0,0,0,0,0,0,0,0,0
NM_001171109,0,0,0,0,0,0,0,0,0,0,0,0
NM_001127200,0,0,0,0,0,0,0,0,0,0,0,0
NR_030240,0,0,0,0,0,0,0,0,0,0,0,0
NM_145234,6,0,0,0,0,0,0,0,0,0,0,0
NM_001170961,8,0,14,0,0,0,0,2,0,0,0,3
NM_001170962,0,0,0,0,0,0,0,0,0,0,0,0
NM_001170963,0,0,0,0,0,0,0,0,0,0,0,0
NM_001099855,0,0,0,0,0,0,0,0,0,0,0,0
NM_024539,0,0,0,0,0,0,0,0,0,0,0,0
NM_001256790,0,0,0,0,0,0,0,0,0,0,0,0
NR_110659,0,0,0,0,0,0,0,0,0,0,0,0
NR_110654,0,0,0,0,0,0,0,0,0,0,0,0
NM_001099921,0,0,0,0,0,0,0,0,0,0,0,0
NR_110651,0,0,0,0,0,0,0,0,0,0,0,0
NR_110652,0,0,0,0,0,0,0,0,0,0,0,0
NM_022052,0,0,0,0,0,0,0,0,0,0,0,0
MSTRG.283,6143,2512,3079,2117,2626,1680,3008,1598,4729,1583,1709,3160
NM_001001344,0,0,0,0,0,0,0,0,0,0,0,0
NM_014253,0,0,0,0,0,0,0,0,0,0,0,0
NR_033924,0,0,0,0,0,0,0,0,0,0,0,0
MSTRG.121,9,0,12,4,12,14,10,14,10,0,0,17
MSTRG.120,21,0,0,0,0,0,0,0,0,0,18,24
MSTRG.123,458,546,850,570,585,466,911,624,609,322,538,598
MSTRG.122,22,24,27,30,31,25,77,21,29,16,37,22
MSTRG.657,1242,1187,1719,883,950,737,917,1116,1295,712,1557,862
MSTRG.656,13341,13985,17902,10759,11578,6544,15739,15178,18018,10120,13749,13455
MSTRG.127,936,880,1514,862,1134,577,2427,778,1044,1018,817,878
MSTRG.654,10918,6909,12253,5777,6542,5017,9185,8750,9584,6563,8368,6735
MSTRG.129,10,7,20,11,4,7,17,7,16,8,10,15
MSTRG.128,3342,4068,3741,1364,2524,1727,3147,3213,2812,3103,2973,2571
MSTRG.659,3647,3056,3096,2366,2523,1046,2627,3359,3241,2080,4286,3176
MSTRG.658,1702,1424,2017,1008,1040,734,1609,1192,1346,943,1402,756
NM_005183,4,38,0,12,0,0,11,0,14,0,0,22
NM_001195081,0,0,0,0,0,0,0,0,0,0,0,0
NM_001172288,0,0,0,0,18,0,0,0,21,0,0,0
NM_001172285,0,0,0,0,0,0,0,0,0,0,0,0
NM_001004308,0,0,0,0,0,0,0,0,0,0,0,0
NM_001013579,0,0,0,0,0,0,0,0,0,0,0,0
NR_039927,0,0,0,0,0,0,0,0,0,0,0,0
MSTRG.234,5862,6339,5298,3318,4181,2767,7835,4205,7889,5116,3801,4686
MSTRG.725,7832,7968,6471,4603,7785,3490,8312,8500,12517,7137,9631,7280
MSTRG.236,14439,14819,11891,6015,7578,6607,13913,9015,13098,10556,9341,12676
MSTRG.231,162,207,162,85,135,105,176,192,144,142,132,104
MSTRG.722,1456,1673,1263,777,1214,529,1410,1358,1732,886,1410,1345
MSTRG.721,89,0,5,0,0,0,0,0,5,0,9,29
MSTRG.232,0,0,0,0,281,0,0,0,0,0,0,0
NR_036173,0,0,0,0,0,0,0,0,0,0,0,0
MSTRG.238,15150,19088,17142,7749,8829,7633,18894,10757,13759,11954,11214,13141
MSTRG.729,61,22,44,30,17,9,35,16,35,12,8,23
MSTRG.728,0,0,0,0,0,0,0,0,0,1,0,0
NM_182506,0,0,0,0,0,0,0,0,0,0,0,0
MSTRG.124,191,129,66,12,53,52,119,46,54,244,72,33
NM_001313913,0,0,0,0,0,0,0,0,0,0,0,0
NM_000047,0,0,0,0,0,0,0,0,0,0,0,0
NM_017863,0,0,0,2,0,0,0,0,0,0,0,0
NM_000044,4,4,13,0,0,0,0,0,0,8,0,4
NM_001201538,0,0,0,0,0,0,0,0,0,0,0,0
NM_001201539,0,0,0,0,0,0,0,0,0,0,0,0
NR_125365,0,0,0,0,0,0,0,0,0,0,0,0
MSTRG.349,1298,1119,1295,809,1072,546,1143,951,1304,800,1329,940
MSTRG.348,174,161,140,44,88,63,170,100,103,84,121,115
MSTRG.839,3,0,9,2,0,0,2,2,3,2,4,4
MSTRG.838,3,10,0,2,0,7,7,4,2,6,6,0
MSTRG.341,2,0,2,0,0,0,0,0,1,0,0,0
MSTRG.832,11,14,23,31,17,8,50,23,17,15,17,15
MSTRG.343,1733,1365,2273,1194,1313,792,1584,1107,1752,888,1194,1644
MSTRG.830,3361,3006,2625,1771,2526,1159,2919,2518,2566,1957,4082,2823
MSTRG.837,25,0,0,74,95,0,23,23,108,41,4,16
MSTRG.344,13,7,22,10,8,13,17,5,15,0,6,6
MSTRG.835,9,11,14,11,57,4,10,18,7,11,7,10
MSTRG.346,73,47,85,31,49,16,49,36,69,27,43,74
NM_000444,12,46,53,6,18,0,13,52,43,6,0,5
NM_205833,0,4,0,0,0,0,0,0,0,7,0,0
NM_130775,0,0,0,0,0,0,0,0,0,0,0,0
NM_130777,0,0,0,0,0,0,0,0,0,0,0,0
NM_130776,0,0,0,0,0,0,0,0,0,0,0,0
NM_001282849,0,0,0,0,0,0,0,0,0,0,0,0
NM_001282848,0,0,0,0,0,0,0,0,0,0,0,0
NM_016249,0,0,0,0,0,0,0,0,0,0,0,0
MSTRG.1039,0,0,1,0,0,0,0,0,0,0,0,0
MSTRG.1038,390,687,816,987,1786,99,1614,1255,1771,781,663,740
NM_004615,30,5,4,0,5,0,4,4,9,4,10,0
MSTRG.1035,94,178,354,213,136,58,208,125,126,63,81,93
MSTRG.1034,1017,1267,1742,1129,1295,467,2329,1095,2040,1483,714,1358
MSTRG.1037,3,1,2,1,3,1,2,2,3,2,6,0
MSTRG.1036,504,445,296,218,238,133,236,234,281,265,323,215
MSTRG.1031,815,506,875,700,661,277,544,600,893,369,590,624
MSTRG.1030,826,939,1221,229,967,474,1307,814,1295,596,895,990
MSTRG.1033,7154,8452,10365,6918,7813,3401,9819,7886,9964,5801,6484,6183
MSTRG.1032,232,208,223,160,136,46,379,131,275,97,115,297
NR_024493,5,0,5,0,0,4,2,0,3,0,0,14
MSTRG.909,0,0,0,0,0,0,0,0,0,0,0,33
MSTRG.908,20,0,56,0,8,0,9,21,18,20,162,27
MSTRG.907,1838,1880,1346,873,1087,671,1457,1092,1537,746,2059,1093
MSTRG.906,0,1,3,0,0,0,0,0,2,0,4,0
MSTRG.905,184,222,123,95,115,55,229,133,198,87,176,120
MSTRG.904,530,513,670,337,548,249,903,582,500,499,756,526
MSTRG.903,0,0,0,0,0,0,0,0,0,0,3,0
MSTRG.902,460,505,481,409,405,191,564,423,468,298,409,449
MSTRG.901,1212,772,948,857,1182,415,1038,109,1371,247,837,911
MSTRG.900,9,19,2,25,20,6,10,13,42,6,7,69
NM_001013742,0,0,0,0,0,0,0,0,0,0,0,0
NM_020717,7,0,0,0,0,0,2,3,0,3,0,0
NM_203408,0,0,0,0,0,0,0,0,0,0,0,0
NM_001161529,5,0,2,2,0,5,0,8,0,0,0,12
NM_001001888,0,0,0,0,0,0,3,0,0,0,0,0
NM_000133,0,0,0,0,0,0,0,0,0,0,0,0
NM_001287760,0,0,0,0,0,0,0,0,0,0,0,0
NM_203407,0,0,0,0,0,0,0,0,0,0,0,0
NM_007231,0,0,0,0,0,0,0,0,0,0,13,0
NR_046691,0,0,0,0,0,0,0,0,0,0,0,0
NM_173798,0,0,0,0,0,0,0,0,0,0,0,0
NM_138636,0,3,0,0,0,0,0,0,0,0,0,0
NR_031709,0,0,0,0,0,0,0,0,0,0,0,0
NR_031708,0,0,0,0,0,0,0,0,0,0,0,0
NM_145662,0,0,0,0,0,0,0,0,0,0,0,0
NM_001079858,70,6,27,16,35,0,36,18,39,4,4,0
NM_001079859,0,0,0,0,0,0,0,0,0,0,0,0
NM_001079855,0,0,0,0,0,0,0,0,0,0,0,0
NM_001193279,0,0,0,0,0,0,0,0,0,0,0,0
NM_001193278,2,0,0,0,0,0,0,0,0,0,0,0
NM_001100431,0,0,0,0,0,0,0,0,0,0,0,0
NM_001193277,0,0,0,0,0,0,0,0,0,0,0,0
NM_001172739,0,0,0,0,0,0,0,0,0,0,0,0
NM_001172732,0,0,0,0,0,0,0,0,0,0,0,0
NM_138960,0,0,0,0,0,0,0,0,0,0,0,0
NR_039674,0,0,0,0,0,0,0,0,0,0,0,0
NM_001271805,0,0,0,0,0,0,0,0,0,0,0,0
NM_001271804,0,0,0,0,0,0,0,0,0,0,0,0
NR_030727,6,5,0,0,3,0,0,0,0,0,0,0
NM_001111125,7,36,11,8,0,0,10,0,17,0,0,0
NM_001098408,0,0,0,0,0,0,0,0,0,0,0,0
NM_001098409,0,0,0,0,0,0,0,0,0,0,0,0
NM_001098406,0,0,0,0,0,0,0,0,0,0,0,0
NM_001098407,0,0,0,0,0,0,0,0,0,0,0,0
NM_001098405,0,0,0,0,0,0,0,0,0,0,0,0
NM_001184880,0,0,0,0,0,0,0,0,0,0,0,0
NM_001243197,3,22,5,3,0,0,0,0,6,0,0,0
NR_110646,0,0,0,0,0,0,0,0,0,0,0,0
NM_032417,0,0,0,0,0,0,0,0,0,0,0,0
NR_130179,0,0,0,0,0,0,0,0,0,0,0,0
NM_152630,0,0,0,0,0,0,0,0,0,0,0,0
NM_152631,0,0,0,0,0,0,0,0,0,0,0,0
NM_152632,0,0,0,0,0,0,0,0,0,0,0,0
NM_001145934,0,0,0,0,0,0,0,0,0,0,0,0
NM_001145933,0,0,0,0,0,0,0,0,0,0,0,0
MSTRG.411,8,8,23,29,39,3,15,36,10,10,32,6
MSTRG.942,4665,7200,4578,3956,4694,1572,3936,4948,5134,3803,3557,6132
MSTRG.413,226,225,287,60,239,83,70,149,222,113,194,238
MSTRG.940,9,4,8,0,4,0,2,1,3,0,7,4
MSTRG.947,118,106,55,46,30,32,102,63,169,51,55,79
NM_002578,0,2,0,0,0,0,0,0,0,0,0,0
MSTRG.946,8,10,3,15,6,2,38,5,30,0,2,10
MSTRG.945,1,2,2,1,0,0,10,2,3,0,3,2
MSTRG.416,43,36,38,12,16,11,53,6,17,8,11,30
MSTRG.644,1145,837,1300,928,1445,829,1972,1257,772,1148,875,1155
MSTRG.645,2030,1734,1197,634,1122,479,1608,1255,2315,837,1614,1175
MSTRG.130,5,11,18,19,8,5,22,12,11,8,10,3
MSTRG.647,531,556,676,370,578,208,847,472,700,370,396,290
MSTRG.136,23,10,19,15,14,8,23,24,22,3,13,14
MSTRG.137,238,160,172,91,143,87,189,115,184,105,109,113
MSTRG.642,9,8,5,6,0,0,5,5,5,1,11,3
MSTRG.135,0,0,0,0,0,0,0,0,0,0,0,0
MSTRG.138,1687,2412,2712,1889,1840,1245,3358,2160,2782,2076,1793,2057
MSTRG.139,9001,10806,10053,6109,8106,3872,9395,9045,10926,6972,7713,8119
MSTRG.648,748,889,1030,672,860,359,849,763,1210,559,625,720
MSTRG.649,673,596,0,0,0,0,598,0,0,0,0,0
MSTRG.533,0,0,0,0,0,0,0,0,0,0,0,0
NM_005193,0,0,0,0,0,0,0,0,0,0,0,0
NR_033257,0,0,0,0,0,0,0,0,0,0,0,0
MSTRG.738,49,102,144,85,60,34,153,65,100,38,53,67
MSTRG.739,1472,2045,2278,1215,1247,831,2693,1335,1802,1262,1348,1443
MSTRG.730,16,8,3,2,0,0,6,0,2,0,0,2
MSTRG.731,375,404,616,132,206,226,234,355,322,105,416,396
MSTRG.732,1635,1365,1133,945,1176,648,1630,1401,1653,966,1192,948
MSTRG.733,0,0,0,0,0,0,0,0,0,0,0,0
MSTRG.734,190,193,184,168,174,108,201,178,234,120,218,130
MSTRG.735,64,9,15,3,4,8,4,4,4,6,0,14
MSTRG.736,38,83,16,25,84,8,97,27,19,0,71,68
MSTRG.737,9584,6633,8982,4562,3414,3683,6187,5956,6030,4100,6300,7352
MSTRG.226,6161,5118,4118,2924,4343,1912,3838,4327,5723,2726,5212,3842
MSTRG.227,3066,2415,3127,1427,1800,1262,2418,1561,1853,1467,2690,1916
MSTRG.224,96,67,128,33,25,17,62,18,57,21,143,69
MSTRG.225,8,2,5,2,3,4,11,4,5,2,1,5
MSTRG.222,0,0,0,0,0,0,0,0,0,0,2,0
MSTRG.223,55,14,44,33,19,12,21,33,11,7,56,14
MSTRG.220,4,10,0,3,0,0,3,0,2,0,3,4
MSTRG.221,31328,16792,20884,5775,4104,3630,12051,12142,6392,5011,16184,18273
MSTRG.228,3,2,13,16,16,14,11,15,9,5,12,17
MSTRG.229,2903,2934,3714,1804,1887,1348,2850,2305,3483,2477,2431,3518
NM_001129896,0,0,0,0,0,0,0,0,0,0,0,0
MSTRG.943,4665,7199,4578,3956,4694,1572,3936,4948,5134,3803,3557,6133
NM_022567,0,0,21,3,5,0,0,0,0,3,0,5
MSTRG.358,0,0,0,0,0,0,0,0,0,0,0,0
MSTRG.359,0,0,0,0,0,0,0,0,0,0,0,0
MSTRG.828,17,17,37,20,25,26,40,30,11,23,5,28
MSTRG.829,4,7,11,4,9,1,14,6,10,4,6,5
MSTRG.824,91,19,8,3,5,28,0,0,3,2,11,3
MSTRG.353,0,0,0,0,0,0,0,0,0,0,0,0
MSTRG.350,18,21,24,6,18,8,17,15,32,13,23,33
MSTRG.351,539,572,449,249,303,172,537,282,866,304,291,466
MSTRG.356,0,0,0,0,0,0,0,0,0,0,0,0
MSTRG.357,0,0,0,0,0,0,0,0,0,0,0,0
MSTRG.354,0,0,0,0,0,0,0,0,0,0,0,0
MSTRG.823,1216,1402,1213,717,1245,431,1010,932,1901,753,1007,1154
NM_006883,0,0,0,0,0,0,0,0,0,0,0,0
NM_001013628,0,0,0,0,0,0,0,0,0,0,0,4
NM_000451,0,0,0,0,0,0,0,0,0,0,0,0
NM_194463,0,0,0,0,0,3,0,0,3,0,0,0
NM_182607,0,0,0,0,0,0,0,0,0,0,0,0
NM_001475,0,0,0,0,0,0,0,0,0,0,0,0
NM_001474,0,0,0,0,0,0,0,0,0,0,0,0
NM_001477,0,0,0,0,0,0,0,0,0,0,0,0
NM_001476,0,0,0,0,0,0,0,0,0,0,0,0
NM_001472,0,0,0,0,0,0,0,0,0,0,0,0
MSTRG.1000,0,0,0,0,0,0,0,0,0,0,0,0
NM_001012979,2,0,0,0,4,0,0,0,2,0,4,3
MSTRG.1002,6,0,15,8,4,6,24,6,0,6,8,3
MSTRG.1003,9,0,30,0,0,6,0,0,0,0,7,0
MSTRG.1004,6458,1918,7227,4600,5917,2909,7038,5658,6804,3772,8376,5076
MSTRG.1005,0,0,0,0,0,0,0,0,0,0,0,0
MSTRG.1006,72,46,72,25,35,13,70,42,50,29,41,36
MSTRG.1007,3688,2577,3109,1531,1770,1426,2934,2051,2459,1801,2486,2463
MSTRG.1008,69182,39369,35140,28010,49185,15703,64396,27036,80137,29480,31541,39541
MSTRG.1009,6,3,0,0,2,2,5,10,6,6,2,5
NM_001195553,0,0,0,0,0,0,0,0,0,0,0,0
NM_001012977,0,0,0,0,0,0,2,0,0,0,0,0
MSTRG.910,0,0,10,0,17,0,0,0,19,7,69,0
MSTRG.911,0,0,0,0,0,0,0,0,15,9,150,19
MSTRG.912,19,54,44,35,44,17,44,37,69,23,50,31
MSTRG.913,1807,2050,1702,1610,1732,806,1956,1887,2255,1343,1752,1513
MSTRG.914,1625,1801,1528,781,1458,708,1847,1437,1954,1356,1522,1203
MSTRG.915,1107,4342,108,94,183,6,611,525,969,515,20,70
MSTRG.916,1577,1914,1265,922,1329,646,2081,1210,1873,1075,1420,1220
MSTRG.917,3678,4048,3959,3282,4934,1463,5492,4117,5370,3133,3425,3226
MSTRG.918,14,5,13,7,15,2,10,7,5,2,5,2
MSTRG.919,4,2,4,1,3,2,5,5,1,1,12,0
NR_131238,0,15,0,0,0,0,3,0,3,5,0,0
NM_000054,0,0,0,0,0,0,0,0,0,0,0,0
MSTRG.323,2919,2137,3670,2067,1939,1146,1971,1758,2735,1552,2132,1945
NM_001271682,0,0,0,0,0,0,0,0,0,0,0,0
NM_001161531,1,0,0,0,0,0,0,0,0,0,0,0
NM_001161530,0,0,0,0,0,0,0,0,0,0,0,0
NM_001161532,0,0,0,0,0,0,0,0,0,0,0,0
NM_173523,0,0,0,0,0,0,0,0,0,0,0,0
MSTRG.98,0,0,0,0,0,0,0,0,0,0,0,0
MSTRG.99,3,0,0,2,0,0,0,0,0,2,5,1
NM_198512,15,8,18,2,7,0,24,5,0,33,15,16
NM_198511,0,4,5,0,0,0,0,0,0,0,0,0
NM_198510,0,0,0,0,0,0,0,0,0,0,0,0
MSTRG.92,41,40,117,36,30,22,42,12,48,2,59,33
MSTRG.93,10,3,17,0,2,0,0,7,4,6,8,4
MSTRG.90,162,92,183,124,209,125,255,144,211,156,151,52
MSTRG.91,43,81,66,9,31,14,33,15,98,10,22,21
MSTRG.96,451000,438332,606379,238063,365242,217084,355331,304838,471261,274398,319719,278977
MSTRG.97,1678,1320,2108,1227,1281,764,2149,1118,1716,863,1510,666
MSTRG.94,6,0,5,0,0,0,0,0,0,0,35,0
MSTRG.95,15,20,9,41,12,5,37,23,62,32,22,79
NR_031710,0,0,0,0,0,0,0,0,0,0,0,0
NM_001103151,0,0,0,0,0,0,0,0,0,0,0,0
NM_001103150,0,3,9,0,0,0,0,0,0,0,6,10
MSTRG.213,0,0,0,0,0,0,0,0,0,0,0,0
MSTRG.744,0,0,0,0,0,0,0,0,0,0,0,0
NM_001291543,0,0,0,0,0,0,0,0,0,0,0,0
NM_001291540,0,0,0,0,0,0,0,0,0,0,0,0
MSTRG.747,0,0,0,0,0,0,0,0,0,0,0,0
MSTRG.210,293,536,270,221,384,155,598,306,457,362,451,392
MSTRG.217,40,100,17,14,22,8,75,21,93,26,43,54
MSTRG.740,146,180,33,12,115,13,197,185,276,48,36,76
MSTRG.215,577,2961,677,4995,4514,907,6526,3585,4088,3282,2986,3428
MSTRG.742,1510,1129,1348,10,107,572,608,1151,183,96,727,1033
MSTRG.1024,2089,1817,2839,1463,1584,1097,1926,1976,2216,1454,1798,1751
MSTRG.190,3942,5530,3929,2151,3019,1720,5522,3406,5035,3057,3102,4066
NM_013364,5,12,9,5,15,5,21,22,8,10,8,6
MSTRG.623,0,0,0,0,0,0,0,0,0,0,0,0
MSTRG.620,24,19,14,7,13,12,14,10,8,9,13,10
MSTRG.621,7204,5522,12735,6770,3571,3522,8716,3979,5963,5877,6172,5129
NR_030629,0,0,0,0,0,0,0,0,0,0,0,0
NM_207320,0,0,0,0,0,0,0,0,0,0,0,0
MSTRG.194,95,55,40,157,51,25,112,30,85,75,18,58
MSTRG.195,15,17,6,8,9,3,11,22,39,10,10,20
MSTRG.624,15,13,21,7,0,7,9,0,39,0,2,3
NM_032539,0,0,0,0,0,0,3,0,0,0,0,0
NM_002362,0,0,0,0,0,0,0,0,0,0,0,0
NM_002363,3,4,0,0,0,0,0,0,11,0,0,5
NM_002364,0,0,0,0,0,0,0,0,0,0,0,0
NM_002365,0,0,0,0,0,0,0,0,0,0,0,0
NM_002367,3,2,0,2,2,0,0,0,2,0,0,0
MSTRG.1022,39,35,82,27,75,25,57,47,36,26,41,30
NM_017711,0,0,0,0,0,0,0,0,0,0,0,0
NM_006089,13,20,12,16,6,12,8,16,17,3,57,4
NM_001098418,0,0,0,0,0,0,0,0,0,0,0,0
NM_022144,0,0,0,0,0,0,0,0,0,0,0,0
NM_021804,0,0,0,0,0,0,0,0,0,0,0,0
NM_001098411,0,0,0,0,0,0,0,0,0,0,0,0
NM_001098410,0,0,0,0,0,0,0,0,0,0,0,0
NM_001098413,0,0,0,0,0,0,0,0,0,0,0,0
NM_001098412,0,0,0,0,0,0,0,0,0,0,0,0
NM_018558,15,0,0,0,0,0,6,0,0,0,31,4
MSTRG.1023,565,462,1036,771,841,293,636,731,842,304,797,842
NM_014725,0,0,0,0,0,0,0,0,0,0,0,0
NM_014728,0,0,0,0,2,0,0,0,0,0,0,0
NM_018159,0,0,0,0,0,0,0,2,0,0,2,0
NM_001145346,0,0,0,0,0,0,0,0,0,0,0,0
NM_001171942,0,0,0,0,0,0,0,0,0,0,0,0
MSTRG.107,776,1165,1290,1011,833,501,1293,900,1155,853,761,856
MSTRG.106,399,417,365,238,241,101,381,249,363,222,353,314
MSTRG.105,2,10,2,0,3,0,4,0,1,0,0,2
MSTRG.104,2927,3234,2796,2433,2889,1077,3878,2584,4934,2541,2875,2564
MSTRG.103,175,196,261,154,159,105,222,170,141,167,155,116
MSTRG.102,0,0,0,0,0,0,0,0,0,0,0,0
MSTRG.101,0,15,3,10,0,22,0,0,103,0,0,114
MSTRG.100,2562,869,2248,1981,1737,473,1368,1613,3303,510,1461,1542
NR_033254,0,0,0,0,0,0,0,0,0,0,0,0
MSTRG.109,1007,1479,1132,861,928,456,1687,1055,1552,910,921,944
MSTRG.108,59,81,193,12,121,7,120,73,300,138,84,47
NM_001305004,0,0,0,0,0,0,0,0,0,0,0,0
NM_020994,0,0,0,4,0,0,0,0,0,0,0,0
NM_001277423,0,0,0,0,0,0,0,0,0,0,0,0
NR_131236,9,7,7,0,0,1,1,2,7,0,0,0
NR_131237,0,14,0,0,0,1,6,0,1,0,0,0
MSTRG.219,8,20,15,7,0,4,7,10,1,9,0,8
MSTRG.218,45,69,69,12,20,9,56,28,46,24,32,32
MSTRG.749,0,0,0,0,0,0,0,0,0,0,0,0
MSTRG.748,0,0,0,0,0,0,0,0,0,0,0,0
MSTRG.745,0,0,0,0,0,0,0,0,0,0,0,0
MSTRG.212,0,0,0,0,0,0,0,0,0,0,0,0
MSTRG.211,2932,4941,1659,780,3355,856,3110,2030,4948,1798,1671,3448
MSTRG.746,0,0,0,0,0,0,0,0,0,0,0,0
MSTRG.741,163,226,95,26,90,24,204,140,312,61,99,125
MSTRG.216,25,89,17,39,40,4,61,30,101,39,24,27
MSTRG.743,0,0,0,0,0,0,0,0,0,0,0,0
MSTRG.214,74,255,157,263,293,105,346,185,187,113,155,169
MSTRG.589,17,23,16,15,20,9,27,28,18,13,27,16
MSTRG.588,24,21,31,22,23,7,31,21,25,8,19,15
MSTRG.583,83,42,45,8,0,20,10,1,4,3,7,73
MSTRG.582,3771,3063,3902,4527,2006,1197,2288,3253,3485,1579,6536,2458
MSTRG.581,196,192,119,44,64,35,51,2,88,68,100,130
MSTRG.580,20,34,22,11,55,4,50,18,33,26,8,13
MSTRG.587,371,544,579,336,122,166,273,78,921,88,195,283
MSTRG.586,24,50,37,14,7,11,30,20,42,20,15,18
MSTRG.585,2696,3284,2200,1134,1444,1156,2682,1741,2967,1747,2033,2158
MSTRG.584,7,2,4,6,3,4,6,2,9,4,18,20
NM_152869,4,0,0,0,0,0,0,0,0,0,0,0
NM_177415,0,0,0,0,0,0,0,0,0,0,0,0
